,2018-06-13,2018-06-14,2018-06-15,2018-06-18,2018-06-19,2018-06-20,2018-06-21,2018-06-22,2018-06-25,2018-06-26
SPY,0.13690451850337348,0.14121356043236166,0.1368503097181768,0.13979558193208041,0.12605248099403266,0.1356322785070574,0.12879193249639842,0.13136221380332724,0.11463003331551014,0.11615767191417659
AMD,0.36454849498327757,0.38062871707731527,0.4208695652173913,0.4956293706293706,0.398994132439229,0.30696202531645556,0.11945636623748213,0.09874826147426985,0.06633733239237816,0.08913352272727271
TSLA,-0.08290996143104146,-0.06026375242999005,-0.0457451910268023,-0.001534733441033942,-0.04664683612763654,-0.02691811734364924,-0.07675345377258236,-0.12801547267452507,-0.13154257399921765,-0.12935441998463526
BAC,0.25536390408077403,0.24158249158249157,0.2438402718776551,0.25480153649167736,0.22375575073191145,0.24478501489995752,0.2663207955036748,0.2642825992150022,0.24802804557405778,0.23634775010921794
FB,0.2769445181842314,0.30988352745424286,0.3074098798397862,0.3164498141263943,0.2918819912343822,0.3267651888341543,0.3092066792281203,0.31512385919165586,0.2662023602244148,0.2808776613060746
JD,0.05042016806722671,0.13932291666666674,0.1434942287513119,0.1464500916950484,0.05410166079516854,0.07146529562982007,-0.006570941834996402,-0.012339704814904429,-0.08777648428405127,-0.08983519034354692
T,-0.1670113753877973,-0.1601239669421487,-0.14649845520082405,-0.17376796714579068,-0.16756617836031862,-0.17227108122090007,-0.17169069462647435,-0.16824146981627297,-0.16442687747035578,-0.17374836173001307
AAPL,0.30090729244832515,0.3144116836594104,0.3087532053503361,0.32663245940816754,0.2688943556102228,0.2861181987449142,0.2714060464797423,0.2697933118176199,0.24535138091331676,0.2669729803867782
MU,0.9039315155358274,0.9053444945267226,0.9054319371727748,0.9574681848626927,0.8990384615384617,0.9120986052546223,0.8569197125898158,0.7905299466917528,0.6753860699653325,0.6563046153846155
INTC,0.5337235228539576,0.5631860399662256,0.5607476635514017,0.5115024140869071,0.49056603773584917,0.5335628227194493,0.5092539039907462,0.5279394644935973,0.4831822170225213,0.4590548869973583
SNAP,-0.24751381215469626,-0.22427293064876963,-0.17529411764705882,-0.19897377423033058,-0.25559284116331094,-0.2605430387059502,-0.2333526346265199,-0.2517006802721089,-0.2531356898517674,-0.2478311162521688
BABA,0.5125915080527088,0.5428404185263775,0.5398282499259697,0.5464521390969079,0.4657632465763246,0.4903165197282844,0.411194081931747,0.41990581289098183,0.33731906859660166,0.33150003503117786
NXPI,0.02144624690679131,0.03422714377230718,0.03816513761467877,0.021633513612613342,-0.0014658726523134602,0.03596330275229365,0.033617294128423625,0.05086757990867574,0.0014548099654483337,-0.008201950241501943
GE,-0.511775043936731,-0.5245730219588707,-0.5404284727021423,-0.5448275862068965,-0.5503472222222223,-0.5421258442943476,-0.5406767458603312,-0.5263157894736842,-0.5375408052230686,-0.5005432814197754
TWTR,1.596935769004125,1.789976133651551,1.7213309566250743,1.759448110377924,1.6348182883939044,1.727971614429332,1.5444319460067493,1.5278236914600556,1.3875675675675678,1.4395844723892837
NFLX,1.4877553693033003,1.5812746386333774,1.5828940432261467,1.5620160126000786,1.640026075619296,1.7409404801052282,1.6797394052763979,1.6540770869649428,1.433109732945197,1.5331428571428574
AMZN,0.7382518174124939,0.7653998586746136,0.7797380130060052,0.7452389871520992,0.743199654330416,0.7631449037366886,0.7263701944663401,0.7134425247178668,0.6569529957957241,0.6898720296183023
VRX,1.1556982343499196,1.1508828250401284,1.216171617161716,0.8609794628751974,0.7995545657015588,0.8737642585551331,0.807017543859649,0.5658064516129031,0.45949367088607573,0.35304449648711955
SBUX,-0.07731451083388052,-0.05392400862784141,-0.0495922782492928,-0.04855337545726646,-0.056978653530377676,-0.12763113932509185,-0.15577051367578387,-0.13896824063182656,-0.1529844507607424,-0.15643863179074446
C,0.04019168341320145,0.02224969097651419,0.03494539781591288,0.0447644388793238,0.035669975186104264,0.0542951024878735,0.059533134889550254,0.05627161270040881,0.036902696735530816,0.02461586704296015
MSFT,0.4274593064401979,0.44329016650064057,0.4324749642346206,0.44085714285714284,0.42316918301114703,0.45715920469174676,0.43930553579052245,0.42912040990606304,0.38168796517343084,0.4100382815823054
IQ,,,,,,,,,,
NVDA,0.7331571994715982,0.759227524387029,0.7408938767473912,0.7483841181902122,0.6537630307653193,0.669807116939334,0.6122781714429046,0.5845804129569994,0.5544432165377364,0.5877752218205718
JPM,0.26011229517589096,0.2404409231829141,0.24639020445881954,0.2552796472499419,0.22118769160894747,0.2287477148080439,0.23404499540863166,0.21523787635026426,0.20642413078517152,0.19222833562585984
GOOGL,0.17901081916537875,0.198547415618898,0.20734653919056845,0.2346706724249441,0.2086401017206374,0.22196307495433376,0.19502549586650186,0.19728246400851912,0.15535093145656065,0.16739190815665217
WFC,0.013039485766758396,0.0038510911424904926,0.020037105751391504,0.022082018927444658,0.015486725663716783,0.019079685746352437,0.026236315590788983,0.027624309392265012,0.028789323164919,0.00945179584120992
F,0.06654835847382423,0.05971479500891275,0.05693950177935947,0.06862745098039214,0.057829181494661874,0.06744604316546754,0.06068840579710155,0.04672057502246174,0.04166666666666674,0.03085867620751337
SQ,1.6618398637137988,1.7217724755006394,1.6877865777407255,1.8098471986417661,1.7256198347107436,1.8339622641509434,1.7773178807947017,1.7079901153212518,1.560612329333885,1.5925741746761388
VZ,0.02023245802841145,0.024202184621974876,0.030445969125214356,0.01779969976410034,0.04144298904874377,0.04680017414018289,0.07090949130147561,0.09555261999119313,0.09275170742454297,0.0788918032786885
GM,0.28803245436105485,0.25888471540017344,0.2690751445086703,0.28171478565179364,0.2302765647743812,0.21947674418604657,0.20480515675358912,0.2064931266452179,0.18742690058479528,0.1743916570104287
X,0.7084095063985376,0.8191489361702127,0.769759450171821,0.7916666666666665,0.689903846153846,0.6949715370018976,0.6801139060275272,0.7517797816801137,0.5514606741573036,0.5818807339449541
GME,-0.39353958143767065,-0.40591770688858064,-0.3421300659754948,-0.26177756192326374,-0.24278846153846156,-0.2388565891472868,-0.24095796676441839,-0.24440116845180138,-0.26828087167070214,-0.2960246095598674
ORCL,0.07314361938639413,0.024324927471546465,0.035810205908684,0.031714349079618565,0.011808440848458446,-0.06588132635253063,-0.06971724584502481,-0.12326043737574544,-0.1309126594700687,-0.12092213920566264
RIG,0.34825327510917026,0.4165707710011508,0.39252336448598113,0.41067285382830643,0.43457943925233633,0.524390243902439,0.5327342747111681,0.6137229987293518,0.515451174289246,0.5159509202453987
PBR,0.14845605700712583,0.14837153196622443,0.15828220858895703,0.1472772277227723,0.1724137931034484,0.25190839694656475,0.2220779220779221,0.2089743589743589,0.23741935483870957,0.22509457755359397
XOM,-0.01747830279652829,-0.0021932496649200717,-0.01945052273279857,-0.03197987782968026,-0.024891251812469872,-0.022597497266431787,-0.02148821218074659,0.003700049333991151,-0.02291385859576034,-0.00615460364352538
DBX,,,,,,,,,,
DIS,-0.0023460960960961508,0.024590163934426146,0.027080581241743618,0.014690550658705392,0.0069279681123659564,0.0308832018472196,0.010400763358778597,0.020341585108424542,0.0008623993867382662,-0.012503552145495811
AMAT,0.13667781493868447,0.12983174170077305,0.1424930491195553,0.12085363024820239,0.09618424023481587,0.12038745387453864,0.12310866574965629,0.10659898477157359,0.059423905647538966,0.08069364161849713
AABA,0.5544230769230769,0.5648869466083981,0.5492582731076454,0.5521110688474706,0.5247242297451504,0.5073406430031593,0.44527137411508444,0.45637829912023453,0.3787684999086425,0.379488123734119
BOX,0.40818524501884745,0.4601092896174863,0.44211093161012394,0.5406132329209252,0.4722803347280333,0.5488521089161773,0.46939861628525814,0.41635883905013205,0.32621156852527355,0.33385579937304066
ADBE,0.8414695520885758,0.8669077757685355,0.8311518324607328,0.8549767846778873,0.7936587103669399,0.7829820452771274,0.7251109262340543,0.6955250887326885,0.6483047933429613,0.668805187637969
PFE,0.11172498465316139,0.10614866931783418,0.10819871990246877,0.09675462541704571,0.09030704394942801,0.08641239570917758,0.07142857142857117,0.07193188490898406,0.06467661691542292,0.0716803760282021
IBM,-0.05121555915721232,-0.05597815486639368,-0.05725586824017648,-0.07015059853262973,-0.0706535778868509,-0.07950951919974181,-0.08153976201313473,-0.08497409326424876,-0.09940951268574405,-0.10391032661212396
FCX,0.4409385113268609,0.4540942928039702,0.4686956521739132,0.4711033274956218,0.4029335634167388,0.45017793594306044,0.4594112399643173,0.435807860262009,0.33843537414965996,0.35236886632825715
BIDU,0.5067805123053741,0.5187429854096521,0.5480632904213691,0.5464113181504486,0.4814333352173177,0.48473432667978633,0.44585669090303615,0.44426476328556275,0.40569215223981137,0.4082147259890172
TEVA,-0.20281782437745743,-0.22464949462014994,-0.2191915872494249,-0.2166882276843468,-0.23236514522821572,-0.22601211348422057,-0.2267310789049919,-0.2623001230012302,-0.2772155780435449,-0.2883156297420335
BA,0.9040766131142395,0.8838756627508058,0.8310565361985163,0.805844023620444,0.7134820172794856,0.7278777794584781,0.6953356429181103,0.6993080625752108,0.6377392078326658,0.6568656865686568
V,0.4135464871687,0.41628199748216543,0.4346394817882553,0.4463204842306465,0.4253613250342865,0.43568552659461757,0.4229955574360058,0.4404470463012242,0.36984724837832195,0.39624028565427416
RCII,-0.014331210191082744,-0.008019246190858142,-0.007425742574257432,0.23257766582703598,0.2696245733788396,0.28745644599303133,0.3134991119005328,0.3106796116504853,0.3232142857142859,0.28919860627177707
CSCO,0.3883280757097791,0.4142405063291137,0.4012032932235592,0.397723680050585,0.3698030634573304,0.3733124018838305,0.3555276381909547,0.3563579277864992,0.3178560299158615,0.33002481389578153
GOOG,0.19025592615900977,0.21178846396566953,0.2228035359913405,0.2486539402838963,0.22007165463718303,0.2305944478924502,0.2065871071968315,0.2072845813873303,0.1648940026305159,0.17874132336417192
ROKU,,,,,,,,,,
WMT,0.05746981891348102,0.04868585732165198,0.06070206564440506,0.10313662945241897,0.10741721854304642,0.1068308181096107,0.10453830010493181,0.12314618644067798,0.15539818278995177,0.14781589403973516
EBAY,0.14132327336041772,0.13043478260869557,0.14080375476679374,0.14428739693757353,0.12263610315186257,0.12396221013455477,0.08724256292906163,0.08456719817767677,0.043294911442226525,0.056141350812197066
CHK,-0.09848484848484862,-0.05776892430278868,-0.07200000000000006,-0.07058823529411751,-0.04008016032064132,-0.006109979633401319,0.07743362831858414,0.12222222222222223,0.07002188183807423,0.054603854389721596
OXY,0.3824590163934425,0.4030272787757818,0.4028619528619528,0.3551673944687046,0.33129131065613415,0.3697548132302122,0.37090848363393447,0.38398937053645565,0.3531270791749834,0.3761873021163138
CMCSA,-0.21591460456089273,-0.17692869311267956,-0.18243243243243235,-0.2107558139534884,-0.21507177033492808,-0.17331022530329288,-0.18594836146971205,-0.1534802203304957,-0.16151898734177217,-0.16999242232887102
KR,-0.14215039577836408,-0.13606340819022456,0.05374592833876224,0.16689098250336487,0.1479681978798586,0.1697944593386953,0.28430934286991505,0.3160460992907803,0.2977876106194688,0.28482972136222906
HAL,0.039921465968586256,0.06468882444791424,0.057168784029038244,0.053083352157216934,0.04866954741869467,0.0532258064516129,0.06369879232772924,0.10310262529832936,0.09012048192771083,0.07697841726618693
CAT,0.4629787234042555,0.46251551905262156,0.40996240601503753,0.38178438661710046,0.3331472695134432,0.3371636771300448,0.3485068135691505,0.3476502311248073,0.31188166362501213,0.3007913669064748
CVX,0.17515953019513542,0.18677298311444668,0.16655694535878873,0.1626211352099678,0.16824865066071104,0.17665289256198347,0.1732223179251604,0.19770224988032536,0.1677142857142857,0.19194353754561178
GS,0.042952720785013554,0.03152178711756659,0.03892845943645562,0.04319011766827452,0.009684694644673364,0.01208351843625044,0.02018068227785519,0.02843882240524187,0.020028546433997763,0.0039012883324260894
CRM,0.5641113784805776,0.5878169094872088,0.6043815926741625,0.6255813953488374,0.5937856979666438,0.5984813621721121,0.5746916400182731,0.5260540296145586,0.5029338749717895,0.5450005674724776
CELG,-0.3531182076575824,-0.3523628552544613,-0.35262416051737,-0.3647433801896044,-0.3652924256951102,-0.36800823958168283,-0.4042008582398555,-0.4105326152004788,-0.41530786985332435,-0.4145685468808368
FOXA,0.555951532430506,0.6146323795726185,0.6099495313626533,0.6233151183970858,0.6082733812949641,0.7689477557027224,0.7743119266055047,0.8023730070448647,0.7705038617138653,0.7093437945791727
WYNN,0.3149970184853905,0.32032361974679735,0.2929722470904208,0.3021716495612077,0.24562924432885413,0.27207759060745285,0.251273097628401,0.24144472820138607,0.20401966454598042,0.2110098432373313
QCOM,0.029197080291970767,0.04297491668128406,0.05146671350781662,0.04188665962689209,0.01892032633223395,0.03521746786406066,0.042961121959879334,0.03594829112803266,0.002460024600245969,0.006538189533239036
DB,-0.3491700057240985,-0.3529411764705882,-0.33889219773674806,-0.3412604042806183,-0.351335656213705,-0.3424332344213651,-0.35562130177514784,-0.3422939068100358,-0.3455528846153846,-0.3634597156398104
KMI,-0.1294851794071764,-0.10601265822784822,-0.10845295055821369,-0.10578426263679008,-0.08971668415529888,-0.0556155507559396,-0.07293354943273911,-0.06404736275565115,-0.08621607237892481,-0.07468220338983056
BMY,-0.013471120132865777,-0.016324284666177524,0.009579955784819294,-0.014873301505692327,-0.028612821441506675,-0.02533237513474662,-0.03798822899946497,-0.03819989534275248,-0.03478107344632764,-0.035839775122979645
JNJ,-0.0711255870322679,-0.07802967537847416,-0.0783974744437762,-0.09698548567175291,-0.08577608711866935,-0.09074653553866785,-0.09977021718182488,-0.09709665564130843,-0.1014439639375504,-0.10378465600704123
GILD,0.09424405218726006,0.0947838128942915,0.08362906958802663,0.07704304429195252,0.0944153039185438,0.08949534990089947,0.059555555555555584,0.008371169125993116,0.008791832104367625,-0.017125210555867465
CPB,-0.37686501667544325,-0.35936129145464124,-0.3486657303370786,-0.33387829246139866,-0.3245165997811018,-0.31955368575086884,-0.3075785582255083,-0.2845227062094532,-0.21183277342291906,-0.22662204870793823
MCD,0.11186757442264073,0.10864082824528798,0.1011444069590528,0.09401934337785378,0.0772495755517828,0.05510482248328685,0.044233396214141685,0.0629844961240309,0.033432488360062296,0.048519095869056894
VALE,0.73875,0.7182389937106919,0.6798469387755102,0.6713197969543148,0.6151930261519305,0.671814671814672,0.5823899371069181,0.5814814814814817,0.5348837209302324,0.5215827338129495
PYPL,0.6379177871686514,0.6495183044315993,0.6314782941288966,0.656057098765432,0.5968259965992819,0.6365194211728864,0.6057153530070976,0.5801002413217005,0.5127921958402355,0.5387048753256418
SOGO,,,,,,,,,,
WDC,-0.07984453081621323,-0.05979498861047838,-0.07685259420455859,-0.07862718089990828,-0.09171931407942235,-0.09078544712682768,-0.11139184884104147,-0.1171191135734071,-0.1629526462395544,-0.15486725663716805
COP,0.4994615550290762,0.4999999999999998,0.43996474994492174,0.43133462282398427,0.4292493528904229,0.4725010912265386,0.44849833147942153,0.5126087926802052,0.47535132723622575,0.5136784987565002
LVS,0.23816864498227197,0.23543838136112805,0.24085224641037528,0.25050007693491305,0.19993950393224447,0.23831631073970883,0.22967322285891312,0.2402859807273856,0.16761582268739428,0.18855636532795805
PXD,0.14287407407407415,0.16128836588620632,0.16567523098341974,0.16254172177089243,0.1344543107248568,0.16062832531036242,0.14829387860414123,0.1996768982229402,0.16892195215801964,0.1959925262547515
LRCX,0.1899819494584838,0.18605564648117823,0.2015759698275863,0.17535928749746965,0.14801324503311264,0.1627473186330024,0.16651205936920244,0.1643561716875499,0.12669653445776774,0.16772937781059127
MO,-0.23375583722481663,-0.2514851485148515,-0.24368538149456875,-0.2675983436853002,-0.2692060223909406,-0.26613216086900293,-0.26405296637673636,-0.2544456066945606,-0.25388939730683746,-0.2602247484646544
BP,0.2769913960588397,0.3129770992366412,0.2806469920544836,0.2597222222222222,0.25277469478357384,0.2795883361921099,0.2744588744588745,0.323121387283237,0.269804822043628,0.28684059633027514
YPF,-0.25993237531699065,-0.25971191619380185,-0.23242009132420094,-0.25011558021266755,-0.23653934652554076,-0.23963963963963963,-0.19203413940256053,-0.24321880650994587,-0.30861991960696744,-0.29795454545454547
PG,-0.13161480808539638,-0.14077340569877883,-0.1342582233161781,-0.1541378541155476,-0.15056754952147788,-0.1537431663505523,-0.1449664429530202,-0.13029315960912047,-0.1300603891746812,-0.12554834377797663
MA,0.6302321778940485,0.6270204081632653,0.6433042332399934,0.6491472613971794,0.6223088796815337,0.6394696168551206,0.6310316815597077,0.6340632603406327,0.5722925570518504,0.600955310880829
HD,0.30079875316578986,0.27373054350599646,0.2791988263060534,0.28121807967313606,0.2543920408034759,0.262637153548551,0.2792004597994764,0.2696809879084128,0.29786530962923785,0.29850746268656736
AAL,-0.1320525783619818,-0.12775865559829924,-0.12909794339238434,-0.13014962082393933,-0.16411598872331856,-0.12492192379762646,-0.14329960768118932,-0.1556054727384112,-0.18404277195147034,-0.18901189011890118
FSLR,0.4451453647833241,0.48411163304780347,0.42905121746431596,0.44655316773653375,0.43686382393397505,0.457545839210155,0.40504969110932065,0.370380010411244,0.32460996477101145,0.2789345282549165
CMG,-0.01490672525957526,0.001631534294850967,0.013913577808501776,0.03850672814737632,0.022466278791048344,0.09375,0.10909961685823766,0.11645918464316263,0.09364765941051822,0.11369839851204144
FDX,0.2554674816158917,0.2612733365246529,0.2571157044428607,0.25258907363420424,0.22488741407916568,0.20330222541277831,0.1621290626471974,0.142418371686434,0.0890643139075924,0.09190936106983649
KO,-0.018876304685765066,-0.037969094922737257,-0.02497237569060784,-0.03884352240123601,-0.03922432789775232,-0.05152378864284146,-0.04710305174701446,-0.04038162857776795,-0.03690607734806639,-0.036979969183358996
AVGO,0.08495924919733255,0.1160721709486987,0.13546787680154626,0.11957671957671967,0.08210657267261023,0.0884620192508021,0.059277088772845765,0.0642107851171938,0.029193508929299616,0.04605561277033998
SLB,-0.019899062725306393,0.0022000586682309198,-0.007426110203475389,-0.02245552639253412,-0.03524229074889851,-0.01797752808988773,-0.010386436535817833,0.018510019886798235,-0.007583801001061707,-0.003809379268477797
TRXC,6.4375,6.750000000000001,6.1730769230769225,6.692307692307692,4.867647058823529,5.046153846153846,4.637681159420291,5.373333333333334,6.294117647058823,6.800000000000001
DAL,0.05359552727973793,0.05759969177422475,0.07020946470131872,0.05384615384615388,0.024185869358217538,0.040185471406491535,0.02793189209871816,-0.0017042226850976228,-0.030423280423280463,-0.03376205787781339
ABX,-0.20085731781996308,-0.17429467084639494,-0.18094629156010233,-0.1816443594646271,-0.1808917197452229,-0.1771501925545571,-0.1836086404066074,-0.1895587321317589,-0.21905339805825252,-0.219094247246022
MS,0.14285714285714302,0.1425072366956135,0.1447751174759453,0.14141187050359738,0.09186351706036744,0.0964835164835165,0.10866176798040539,0.09594261376373003,0.09704737926298934,0.08045454545454533
HTZ,0.8772112382934443,0.7475822050290135,0.8439790575916228,0.9540106951871659,1.0095238095238095,1.1575492341356672,1.235632183908046,1.2612612612612608,1.0020964360587006,0.5572483841181901
DVN,0.27172290235891317,0.295744019881951,0.27818355033343933,0.294080604534005,0.328544061302682,0.36745827984595625,0.3648424543946933,0.44218593802065964,0.3743438320209973,0.3816731770833335
PM,-0.3251326986266746,-0.32484342379958253,-0.32055431084557306,-0.3431549573210768,-0.3422294548413344,-0.33052166079764145,-0.3387969049005741,-0.33013115027984297,-0.33113081298093006,-0.33340306250522966
MRK,-0.010747589694958148,-0.028562411235600327,-0.018357335021364052,-0.03144354454502141,-0.04161432160804013,-0.050364171703083827,-0.06538344026886644,-0.06891850954256284,-0.07678355501813783,-0.07880612864077674
LUV,-0.1327478466475257,-0.12749874013102647,-0.1319248045250374,-0.13136506883396915,-0.15118187787261983,-0.13807392673628371,-0.12911682778961175,-0.1562093628088428,-0.17183462532299743,-0.17004048582995956
APA,-0.11986997155627788,-0.10121542330259847,-0.12949790794979077,-0.13524424707307214,-0.1316740264953834,-0.042749371332774455,-0.02847130968024525,-0.019066403681788358,-0.06380208333333326,-0.050421986582990685
NRG,1.005903187721369,1.034608378870674,1.009632751354606,0.9503252513305733,0.8855457227138643,0.9003579952267302,0.8998808104886769,0.8003482298316889,0.7860839562967221,0.782312925170068
QD,,,,,,,,,,
FIT,0.41570881226053635,0.44357976653696496,0.4109589041095889,0.42885375494071165,0.3961165048543689,0.4800796812749004,0.42685370741482953,0.3772102161100197,0.3120155038759689,0.2536764705882353
NKE,0.3645737433253544,0.366630076838639,0.43364839319470705,0.47964774951076317,0.42752787389465596,0.44918541505042664,0.40597071686632424,0.4013358778625955,0.368968779564806,0.3634572072072071
ABBV,0.40060284196928375,0.4003119682359615,0.4103399433427761,0.3860661505981704,0.3738435660218671,0.3795282224094356,0.33936080740117736,0.27753484558622565,0.28097466960352424,0.27096508111080575
ENDP,-0.20143884892086317,-0.1833180568285976,-0.1777777777777778,-0.1504178272980501,-0.1457013574660635,-0.14583333333333326,-0.1827768014059754,-0.18626609442060083,-0.21790540540540537,-0.22692633361558
ADM,0.0689329556185081,0.07586206896551739,0.08663833805476862,0.0852913533834585,0.08553251649387383,0.11306653809064615,0.11515151515151523,0.13404825737265424,0.12390670553935856,0.12445520581113811
CVS,-0.14326862867877266,-0.14455445544554446,-0.12485953302534647,-0.12094471840124588,-0.093854033290653,-0.0794548727179224,-0.09058341862845443,-0.06526806526806517,-0.07725100116264039,-0.1206939590614079
GERN,0.43609022556390964,0.4828897338403042,0.6589147286821706,0.5227272727272725,0.4518518518518517,0.3586956521739131,0.2272727272727273,0.22448979591836737,0.19387755102040805,0.19826530612244908
COST,0.1307406791867487,0.12908020036329626,0.1513939797845163,0.23397761953204466,0.26280881100158204,0.2767341927562921,0.28691388292981923,0.3211089555040991,0.3476102590211927,0.32016229712858935
UAL,-0.06427465152297374,-0.05853532748839618,-0.044608223429014826,-0.02982547538421476,-0.07160117003688149,-0.041537267080745455,-0.04085578038407012,-0.05823111684958049,-0.07110300820419335,-0.07451642217317922
APC,0.44819179195449,0.5025380710659899,0.4853610930383865,0.4804421768707483,0.47922912205567436,0.5143659537697125,0.5316427783902975,0.643601685517853,0.5800000000000001,0.6124220837043635
KHC,-0.34381482694617316,-0.33664990159632624,-0.32776868521549374,-0.31920366849345716,-0.3084028937117418,-0.2939068100358423,-0.30011185682326624,-0.2905723905723905,-0.2873382104670793,-0.28850910726332357
BKNG,0.1425750737719147,0.15912230223683,0.18364470484191897,0.19006329710808223,0.15535752862389307,0.15947456015216344,0.1363704504813199,0.12878637415254457,0.09403077448406849,0.09362349041218554
LNG,0.3264334506313391,0.3829605963791267,0.38098304357158175,0.377326565143824,0.3612334801762114,0.42752372735116495,0.41178992497320466,0.45346869712351934,0.378832423351533,0.38891421467053466
SKX,0.03818443804034577,0.03796561604584525,0.05521692362854069,0.07975236707938804,0.06705539358600587,0.10702087286527506,0.13025679196129514,0.0903225806451613,0.022876949740034735,0.04588276343335673
BBBY,-0.44597955236253106,-0.4514254082479934,-0.4380740328416365,-0.42938013020096233,-0.4250355618776671,-0.40216754540128885,-0.40225787284610803,-0.4051570835803201,-0.33591905564924107,-0.34529744101030246
STX,0.3549845348560552,0.4312015503875968,0.40727360308285143,0.4032833690221269,0.3853693521396129,0.41520467836257313,0.4027844455112819,0.38586050940252314,0.30841340520271854,0.329794762915782
AXP,0.24109691028663605,0.23404255319148937,0.22081784386617098,0.2089625537139348,0.18637029799706895,0.16858562598472915,0.17540445201313704,0.18212765957446808,0.19849185113111179,0.18406460945033776
RIO,0.4268707482993197,0.4665329656555528,0.4432020330368487,0.45190839694656515,0.40000000000000013,0.4492105263157895,0.4279749478079331,0.4327047274606044,0.38166964513658397,0.39435081466395117
SVU,3.8512195121951223,3.805418719211824,4.279255319148937,5.409937888198757,5.486068111455108,5.8133333333333335,5.94,6.124161073825504,6.275510204081633,5.9504950495049505
M,0.723719676549865,0.6502636203866432,0.6836779586449626,0.6890536415176622,0.7120211360634083,0.792760180995475,0.8203703703703702,0.6944318696242644,0.6600808262236193,0.6795238095238096
EA,0.3027823240589198,0.3123977458643883,0.3267891070297657,0.3108315989503212,0.2590409150901891,0.26500396580593977,0.26491119554652287,0.25430651749245237,0.26743032380265186,0.25782227784730893
GOOS,1.0165178571428575,1.121702915316983,1.8796602170835301,2.1498783454987835,2.1892147587511825,2.0651340996168583,1.78076062639821,1.6009029345372463,1.6843065693430654,1.6699249178789302
SRPT,1.9476088943039902,1.9806879903439953,2.15904879555281,2.2471459426103055,3.3209246472530767,3.5863921217547006,3.2309867119027427,2.9551860202931235,2.933181039406054,2.933621933621934
AKS,-0.2570093457943926,-0.23199999999999998,-0.2331691297208539,-0.21202003338898168,-0.2627388535031847,-0.2423756019261638,-0.24555735056542816,-0.22539682539682537,-0.3157894736842106,-0.32874617737003065
PEP,-0.09499656121045386,-0.10428559257050363,-0.08190427437931913,-0.09823720691425641,-0.09659817546252891,-0.10292496820686736,-0.08669732583886902,-0.06698235040895395,-0.06814295485636113,-0.07607581967213128
HES,0.2989048743826499,0.3462132921174652,0.3805472522418947,0.41219624025676316,0.42923649906890127,0.5061312815580667,0.5308856363185313,0.5744940258473543,0.5045893719806764,0.5102981485934117
PAH,-0.020177562550443895,-0.06255077173030066,-0.04459124690338556,-0.030919446704637865,-0.04815409309791341,-0.04596774193548392,-0.055464926590538366,-0.07855459544383347,-0.09422011084718929,-0.08187599364069942
RAD,-0.4533762057877814,-0.42345276872964166,-0.3966101694915255,-0.3666666666666667,-0.4285714285714286,-0.4036697247706422,-0.3824451410658307,-0.3441558441558442,-0.3215434083601286,-0.5061728395061729
DHI,0.26662742789876415,0.2534186790805937,0.2667060910703727,0.2460624071322437,0.23220088626292457,0.2227099795141938,0.21607300559317055,0.21750821631311634,0.18240850059031866,0.20206185567010304
WLL,6.812778603268944,7.767402376910017,7.279646017699115,7.065656565656564,7.353242320819113,7.980701754385965,8.800773694390717,9.789883268482491,8.844444444444443,8.737132352941176
RRC,-0.3057644110275689,-0.30327868852459017,-0.3082251082251083,-0.29982891360136865,-0.25101397025687244,-0.22895927601809962,-0.20640904806786042,-0.2123191787214186,-0.25426774483378256,-0.2665866433871672
MBI,0.16666666666666674,0.18360277136258651,0.13242009132420085,0.12117780294450742,0.07286995515695072,0.08535178777393315,0.07251461988304087,0.0425776754890681,0.05041031652989458,0.006165919282511201
BIIB,0.17401116976512898,0.20645696017681647,0.19610226648890272,0.1484865337252721,0.12090274046211724,0.11601503759398502,0.06726489590811191,0.055137755283886536,0.042344463470319615,0.041528179836317625
P,-0.025125628140703515,0.06200527704485492,0.09178082191780823,0.17310443490700989,0.20549927641099863,0.20940170940170955,0.09986684420772307,0.060256410256410264,-0.06521739130434778,-0.04964539007092217
PCG,-0.4162466646901867,-0.41638624725676654,-0.417897480451781,-0.42466743782533256,-0.42213530349123574,-0.4221323316960416,-0.41413703382480493,-0.37625345153320733,-0.37836248713802734,-0.3715502055196712
ETP,-0.06572541382667951,-0.03137651821862353,-0.03748047891723072,-0.017717561229807166,-0.028940568475452344,0.006929637526652321,0.006500541711809138,0.030303030303030276,-0.02739018087855305,-0.03884964682139247
BB,0.13745387453874547,0.15610217596972564,0.1679316888045541,0.15859449192782527,0.10707635009311,0.1090400745573159,0.09859154929577452,-0.034358047016274984,0.030895983522142068,-0.027721518987341653
PVG,-0.21707060063224448,-0.14220183486238536,-0.1822323462414578,-0.1573033707865169,-0.16402714932126694,-0.17210348706411704,-0.18250539956803447,-0.19047619047619035,-0.21325051759834368,-0.21698113207547165
UNP,0.29352698583467807,0.32003642987249536,0.3284539622300533,0.3157658466511044,0.2770276312259681,0.32311952007383504,0.3296784984203678,0.3404413818791321,0.3064754856614247,0.31083958159770453
GBT,0.5797342192691028,0.6894075403949729,0.49440298507462677,0.5636704119850187,0.5479704797047971,0.48506151142355014,0.34471544715447155,0.4376068376068376,0.3098827470686767,0.42025089605734767
CLF,0.4109149277688602,0.4982993197278913,0.49053356282271965,0.4531772575250834,0.3895253682487725,0.4845890410958904,0.4429530201342282,0.4423076923076923,0.2688821752265862,0.2734337349397591
DWDP,,,,,,,,,,
EXAS,1.0965047943086916,1.1034590215020255,1.126279863481229,1.1679578555934302,1.0444248308325976,1.083859332732191,0.9668476707630749,0.9109766637856525,0.7986482680934948,0.8485975958786494
MDXG,-0.626612355736592,-0.6280193236714976,-0.6207128446536652,-0.6361221779548473,-0.6472893533638144,-0.6238348868175765,-0.6423544465770954,-0.6159280667951188,-0.6288987905792489,-0.6014304291287387
MET,-0.11836428437441382,-0.12267867191896453,-0.1293476217334084,-0.1287369207772795,-0.15299129468420092,-0.14186656671664166,-0.13078241005139923,-0.12449722275426167,-0.13509376195943357,-0.14372623574144494
DLTR,0.16529801324503324,0.1736415570612464,0.2102296163893853,0.26159554730983325,0.2369950389794473,0.2555845662895273,0.26700955180014696,0.2853132387706854,0.2995495495495497,0.2452912833990366
GLW,-0.027210884353741416,-0.012307692307692242,-0.010207553589656415,-0.018361101666099944,-0.050200803212851364,-0.04314122008763066,-0.04939516129032262,-0.0410636149444632,-0.07535845281760578,-0.08220310949388021
LULU,1.3884329070433288,1.371067997739687,1.4161490683229814,1.448367000188786,1.3792719167904899,1.4404490106544903,1.3965096641020827,1.2890322580645162,1.2550117392089581,1.2871171171171172
MELI,0.06593406593406592,0.15094339622641506,0.15389289783516902,0.11816283924843418,0.07633420822397197,0.09293323994544189,0.037474277049712956,0.054796010879419876,0.047378556116702164,0.11141791044776128
TWLO,1.336602589250687,1.294826915597044,1.3191489361702127,1.2928917007815408,1.1078604159323229,1.1495124593716142,1.0112994350282487,0.9217391304347826,0.8333894311679568,0.9225812024879059
MGM,-0.03552508569647883,-0.028438948995363256,-0.04143646408839774,-0.03955841766329349,-0.09773755656108596,-0.07956600361663657,-0.08040048543689327,-0.09563909774436086,-0.14314988290398123,-0.1385524372230429
DE,0.2129409903496282,0.18785098473463568,0.17709899501463955,0.15551211884284588,0.12040318135286254,0.14527134243097417,0.13808302612598156,0.15590182464072333,0.12985436893203883,0.13100932306445068
SWN,-0.1912908242612752,-0.14473684210526316,-0.16504854368932032,-0.12376237623762376,-0.09369676320272569,-0.07413793103448274,-0.041818181818181865,-0.014414414414414378,-0.08808290155440412,-0.09322033898305093
MDLZ,-0.12050832602979844,-0.11655368467089433,-0.11028770706190061,-0.11086523567160878,-0.11301671064204033,-0.09482567177437273,-0.09426411738550455,-0.07915273132664447,-0.0768374164810689,-0.07739420935412034
DNR,1.6289308176100628,1.8194444444444442,1.7092198581560285,1.8111888111888108,1.8219178082191783,2.1666666666666665,2.2615384615384615,2.496296296296296,2.082758620689655,2.0130718954248366
TRN,0.273529411764706,0.2914179104477612,0.28480538922155696,0.27979081060889044,0.24759437453737987,0.26398798347728114,0.2743227775658146,0.26978146194423536,0.24132786273778462,0.22095588235294117
YNDX,0.38546423135464214,0.43045843045843046,0.39542103220799385,0.4411419632381697,0.35300751879699255,0.37676190476190485,0.32038834951456296,0.32008911994058664,0.2544464609800363,0.27751196172248793
TGT,0.35970721505751113,0.33460076045627374,0.3928957807428777,0.46588101121459813,0.4807580738735253,0.48084855627578094,0.5071258907363421,0.5018763578905787,0.5137903861308117,0.4895104895104898
MRO,0.6502690238278246,0.6708860759493671,0.6160064672594987,0.6230031948881789,0.6437149719775821,0.7462686567164176,0.715762273901809,0.8533218291630718,0.7606244579358197,0.7803035559410236
CF,0.5558286516853934,0.6412130069419073,0.6665420560747664,0.6660623640319074,0.6005665722379605,0.640176600441501,0.6820224719101122,0.6569129480614484,0.6025500910746813,0.619846771251368
THO,-0.07023506088926657,-0.06899810964083175,-0.06534709726299848,-0.06239893465233526,-0.07669201163991368,-0.006354927440007652,-0.0203681210875456,-0.04648123949972005,-0.07328145265888453,-0.09696691176470584
WGO,0.3537414965986394,0.3897435897435897,0.3745704467353952,0.4110535405872193,0.3517587939698492,0.5819112627986349,0.3871449925261583,0.3289085545722714,0.25,0.195439544807966
JCP,-0.41719077568134166,-0.4512195121951219,-0.43595041322314043,-0.45019920318725104,-0.42355371900826444,-0.39869281045751637,-0.3625866050808315,-0.4018264840182648,-0.4649122807017544,-0.4539614561027837
EPD,0.08167853128512559,0.08840196448809978,0.05093632958801497,0.054064131245339375,0.04999999999999982,0.07621600919188065,0.07112648981161085,0.07153846153846155,0.03079847908745248,0.033911077618688834
MYL,0.10325655281969803,0.04303062302006322,0.054624121146565896,0.05065359477124187,0.04029008863819494,0.038749331908070506,0.009406846093545917,-0.017944116893104267,-0.023571611580835317,-0.01947220087112478
CTL,-0.35609397944199705,-0.3405346027096301,-0.33135435992578854,-0.2951010886469674,-0.2728706624605678,-0.24817813765182184,-0.2450900163666122,-0.23531827515400416,-0.23064317902498976,-0.23197963340122196
TK,0.3137254901960782,0.3880070546737213,0.42909760589318613,0.4736842105263157,0.48168498168498175,0.5394736842105261,0.5209125475285172,0.390625,0.21599999999999997,0.20127795527156556
ADSK,0.2753138075313808,0.30329566854990575,0.3069710172381135,0.34687261632341726,0.32856066314996224,0.3431811683979795,0.30324534014570936,0.27842292564150584,0.20417633410672864,0.22757255936675458
SIRI,0.3950381679389312,0.43023255813953476,0.4633204633204635,0.4763285024154589,0.4255725190839694,0.4498069498069499,0.36641221374045796,0.36259541984732824,0.3196261682242991,0.3113207547169812
SJM,-0.19034622582657523,-0.1861468465641669,-0.16846244593000392,-0.1646087235407312,-0.15818298969072164,-0.13083272043801586,-0.13309204573496747,-0.12802111688525952,-0.10346255798542081,-0.08700639029985258
WB,0.452123343251285,0.5500626653669405,0.5246038365304422,0.5092827004219411,0.35308278721412334,0.4065874730021599,0.2818347193347195,0.35875432525951556,0.2891682785299807,0.2713308197179165
WTW,2.445664105378705,2.5284132841328413,2.346875,2.4972125435540073,2.3419913419913416,2.344905905256327,2.2661290322580645,2.154593916588272,1.975983188231762,2.077717061323619
NTNX,2.537604456824513,2.5883027522935778,2.5446735395189,2.6065666572318147,2.35239651416122,2.28,2.1859323882224646,1.9372972972972975,1.6742620403935788,1.6025316455696204
HIMX,0.06559405940594054,0.10619469026548667,0.08233731739707828,0.0012300123001229846,-0.017721518987341867,-0.0038461538461538325,-0.0291508238276299,-0.06227106227106227,-0.0611995104039168,-0.09288299155609159
VIPS,-0.07024793388429751,-0.07262103505843076,-0.04749787955894813,-0.011026293469041493,-0.03784693019343999,-0.0181347150259068,-0.03069053708439906,-0.04017094017094003,-0.07750631844987366,-0.06457094307561595
ATVI,0.32417962003454237,0.32951240376390056,0.31403836360549997,0.3243197278911567,0.2805039787798407,0.2774729842061514,0.25329597890573496,0.24231523871811644,0.23593646591661166,0.24726004649618072
GIS,-0.23293794051916805,-0.2423829787234043,-0.22777494475607685,-0.21663747810858147,-0.21253501400560226,-0.20919985900599236,-0.1999644191425014,-0.1925,-0.17751161959242046,-0.17696279152572558
OPK,-0.31748466257668706,-0.31288343558282194,-0.3178294573643411,-0.3200612557427258,-0.3399089529590289,-0.28507462686567164,-0.3700564971751412,-0.3168908819133034,-0.32761087267525035,-0.32816901408450705
SHOP,0.8991142298401011,0.9674320524835989,0.9705194197473093,0.9882664212584837,0.8839443462897527,0.9366988981335733,0.8031780821917807,0.778811426069826,0.6216130397967825,0.7003476749239459
AIG,-0.14837303440759775,-0.14708171206225684,-0.1347751136185551,-0.12917385170089357,-0.1321344800625489,-0.12904243571541252,-0.1418854792787092,-0.1362410785091197,-0.13963821009203436,-0.14981006647673312
RTN,0.27320609740984025,0.24756863227871473,0.23942189421894233,0.2463705708661419,0.19688299038110313,0.19863306279367787,0.1908985259037248,0.20067055755619023,0.19191919191919182,0.19572997655189428
OSTK,1.4805194805194808,1.5868852459016396,1.5508196721311474,1.507936507936508,1.3628048780487805,1.3534743202416921,1.1975683890577509,1.0334346504559275,0.8515151515151516,0.8914417177914109
COG,0.020539152759948776,0.02207792207792192,0.006855184233076184,0.025951557093425448,0.06020362992474548,0.07857142857142874,0.08098434004474275,0.010936132983377034,-0.021903959561920816,-0.04115226337448563
NTES,-0.1540654314030958,-0.13478305119245515,-0.12912153620118227,-0.1502171936559249,-0.20368772568945137,-0.1946287519747235,-0.21480863682698548,-0.20253320216428927,-0.25551624895071345,-0.22186876247504983
BBY,0.2663785652549697,0.2755741127348643,0.32290008841732987,0.3847259658580413,0.3696002867897472,0.38103040233023844,0.39985499365597255,0.38102136906917794,0.36118158753171437,0.3652567063421568
PTCT,1.2480666270077334,1.2824019024970275,1.237116473041406,1.818128310771042,0.9325581395348839,1.0940070505287895,1.0572237960339947,1.0173669467787114,0.847921225382932,0.7400761283306143
HDP,0.34603886397608385,0.4343434343434345,0.5082872928176796,0.5106382978723403,0.4747930775018814,0.4905087319665906,0.4068047337278107,0.3871206513693559,0.27593659942363113,0.3044754218635364
EMES,-0.23973256924546327,-0.22632103688933203,-0.16740576496674053,-0.13993174061433444,-0.14384349827387788,-0.07464454976303314,-0.1070559610705597,-0.11757575757575756,-0.15795724465558192,-0.17647058823529416
TXN,0.4075811828620819,0.43113772455089827,0.4471778221778222,0.43525721455457966,0.3959715057725375,0.4357169787608395,0.407179615915652,0.42163187855787476,0.38464438301080683,0.4203805388839228
LB,-0.318970341354225,-0.31888720666161996,-0.30113309007105815,-0.29480217222653227,-0.30672835935993825,-0.3056085463563526,-0.2785547785547785,-0.3057710501419111,-0.31032547699214375,-0.3025507354310184
CORT,0.7582720588235292,0.8322274881516585,0.8129092609915809,0.5834896810506565,0.4849452554744522,0.4612644701691897,0.3703396851698424,0.32837055417700567,0.2865123703112531,0.3349514563106797
TMUS,-0.08326823933760352,-0.05911174332226965,-0.05644654088050316,-0.04387771265642326,-0.05421027964380576,-0.05689277899343537,-0.056158565361019375,-0.04358086847073639,-0.05788643533123028,-0.06555819477434677
NBR,-0.206896551724138,-0.17957746478873238,-0.2110429447852762,-0.23529411764705876,-0.23607748184019373,-0.19221105527638194,-0.15902964959568733,-0.14528795811518314,-0.21219822109275732,-0.21185372005044134
HRB,-0.1000370507595405,-0.18400274630964641,-0.21159613462179272,-0.21290106951871657,-0.21652514696276948,-0.20059780803719696,-0.23988345742958883,-0.261637239165329,-0.26432,-0.2637292464878672
AMGN,0.11707109408258831,0.12531798909751668,0.12735360428980558,0.13255756680211794,0.12780907383851225,0.12159480425762226,0.08543915961482362,0.06518237256932458,0.07455072463768131,0.0678873726032132
VLO,0.7718322561250563,0.8041698841698841,0.7804915752048232,0.7711246200607904,0.750788169944453,0.7628332063975627,0.719542362399505,0.7315643319962974,0.655956350409215,0.6682238037552997
MDT,-0.015596330275229331,-0.012321734169994492,-0.010038786219484286,-0.020776566757493176,-0.026744578042476652,-0.03028597162801172,-0.02804369861470901,-0.02559209787854977,-0.02757847533632296,-0.0261357263039822
CL,-0.1668648434403487,-0.16565629942013693,-0.1521938441388342,-0.17035775127768316,-0.1677503250975293,-0.16306483300589392,-0.1610729386892178,-0.1443135178074938,-0.14238672286617493,-0.13862168928712604
SPWR,-0.014814814814814725,-0.00619578686493194,0.0039525691699604515,0.05151915455746359,0.03851091142490359,0.07323568575233041,0.0390625,-0.05293440736478705,-0.14956331877729256,-0.1668508287292818
WFT,-0.22123893805309724,-0.15662650602409645,-0.0954907161803713,-0.16870415647921755,-0.18137254901960786,-0.18292682926829262,-0.1748071979434448,-0.15909090909090906,-0.18703241895261846,-0.1376623376623377
CYH,-0.5017103762827821,-0.5337690631808278,-0.505050505050505,-0.5,-0.5060240963855422,-0.4733257661748014,-0.49433106575963726,-0.5382955771305286,-0.5702036441586281,-0.572192513368984
USB,-0.035134114091424196,-0.03614685844057541,-0.019091256204658236,-0.018940118614884316,-0.017500475556400996,-0.020443255636224733,-0.019423076923076876,-0.010526315789473717,-0.0037423675398858824,-0.01705547931778073
LCI,-0.13838120104438634,-0.10781671159029649,-0.1382113821138211,-0.20540540540540542,-0.22427440633245388,-0.22811671087533159,-0.2727272727272727,-0.2975,-0.3258145363408521,-0.36111111111111116
CY,0.26289034132171385,0.3320783132530123,0.33807030665669413,0.34170471841704697,0.2935435435435436,0.3227513227513228,0.2954031650339113,0.3136049192928516,0.23215627347858736,0.22383073496659223
NWL,-0.5158051320193381,-0.518254837531946,-0.5228063747939183,-0.5274384685505925,-0.5185185185185185,-0.507029053420806,-0.509606239299981,-0.4977965127419045,-0.5099811676082863,-0.5080614923134609
AA,0.48860837438423665,0.5168040583386178,0.47495120364346155,0.526,0.4396244739397863,0.4866995073891627,0.5092623779050185,0.5288590604026846,0.42360887745255704,0.43745991019884545
BX,0.0033404190707562176,0.016173329264571157,0.022126613398893547,0.011635027556644362,-0.010281221651043393,-0.006071645415907545,-0.015776699029126262,-0.015728977616454975,-0.034701267350633724,-0.028959276018099556
NTR,,,,,,,,,,
VKTX,7.857142857142858,9.294642857142856,10.477477477477477,10.537037037037036,10.42056074766355,11.434343434343434,9.846075433231396,9.653846153846153,8.876190476190475,8.413119266055046
ALLY,0.3236327145007527,0.31765882941470736,0.28766455387615797,0.2950417280314186,0.2935643564356436,0.30259222333001,0.3072319201995013,0.2957332025502697,0.2487828627069133,0.2403660886319845
UAA,0.029193899782135047,0.033920704845815,0.06909258406264396,0.11052882324916635,0.07611798287345395,0.12841796875,0.12063023141309714,0.08377723970944317,0.052358490566037696,0.05264378478664211
MMM,-0.020180766103964576,-0.030379505737822,-0.029911496048085517,-0.04253423372725573,-0.06547619047619058,-0.07161604799400079,-0.08146199379874097,-0.07407407407407407,-0.08031939877876937,-0.07332674850665544
TROX,0.34776725304465517,0.3548611111111113,0.4672011661807578,0.44665194996320823,0.3743807501769285,0.42846768336964436,0.4120754716981132,0.5060240963855422,0.39492753623188404,0.37763253449527956
OLED,-0.17727840199750322,-0.16652578191039735,-0.18622780424426155,-0.22797262617621905,-0.2611411911703456,-0.248932536293766,-0.26451886392539214,-0.2695395014786649,-0.3077905491698596,-0.30340425531914894
ARWR,6.426751592356688,6.236024844720497,5.589285714285714,7.635220125786164,7.496969696969698,7.055214723926381,6.488636363636363,6.664739884393064,7.690322580645162,7.477987421383647
ERJ,0.3858638743455496,0.3573667711598747,0.33959311424100136,0.38432835820895495,0.30259806418746815,0.3650371944739639,0.3545986177565126,0.3491311216429702,0.3370253164556962,0.3482905982905984
HLT,0.24499623777276147,0.2517735849056604,0.25415108451757673,0.2698388796867941,0.24147217235188512,0.24483910139647858,0.23506097560975614,0.24033742331288344,0.21207951070336373,0.22075732025141792
RCL,-0.025715059099521764,0.01666069509136503,0.021772106719015083,0.024307417336908,-0.008826125330979706,-0.0010745947882153661,-0.03239399525941533,-0.005349977708426268,-0.05784015733953152,-0.047696038803556995
GPRO,-0.23606168446026088,-0.2541966426858513,-0.22800495662949194,-0.1647361647361647,-0.2002551020408163,-0.14871794871794874,-0.12857142857142856,-0.1253229974160207,-0.17263427109974427,-0.21794871794871784
RH,1.9672476537061865,1.9026132731716485,2.0606925418569255,1.94280266920877,1.8387881054797082,1.8629671574178936,1.7527259286638328,1.671668137687555,1.4546677880571908,1.361809866056844
WBA,-0.2187041564792176,-0.21730212355212342,-0.20300387596899228,-0.18217746047934713,-0.19045232427014158,-0.1315453384418901,-0.13223246287762414,-0.11470472698703682,-0.11920356300759771,-0.14355733264542747
ESRX,0.3056043429666293,0.3029150823827629,0.2957679505468378,0.27725757816219665,0.25455394675385334,0.26300851466414366,0.24058152258871357,0.22061315667847792,0.21496473474394362,0.20039682539682557
HBAN,0.16479400749063688,0.14988814317673382,0.1534988713318286,0.15960665658093798,0.15390390390390385,0.16780045351473905,0.19525267993874418,0.18624420401854724,0.1959087332808811,0.17357310398749037
SPOT,,,,,,,,,,
GG,0.040322580645161255,0.08484848484848495,0.0672268907563025,0.06783536585365857,0.05134099616858245,0.04214559386973171,0.004480955937266495,0.014042867701404393,-0.024637681159420333,-0.013167520117044584
PGNX,0.3201174743024964,0.27482014388489207,0.28888888888888875,0.27055306427503734,0.23768115942028967,0.21037868162692863,0.11741424802110823,0.11710526315789482,0.08255659121171788,0.12483221476510065
SCHW,0.36409036860879906,0.3382978723404255,0.3316714150047484,0.323473282442748,0.301695713612812,0.3179876601803511,0.3247904191616766,0.31876050924813826,0.2832772705430082,0.2709677419354837
UPS,0.06809285389167052,0.0713045068104945,0.05904226374025012,0.05588208698797348,0.03562731126544594,0.03685795091688715,0.03873981133803461,0.04244980287888511,-0.0006348054774643064,-0.010179263129447835
UNH,0.3966859983429991,0.40014257512612406,0.4191152012418229,0.403237350657931,0.3824718609987978,0.3794401702406285,0.36215660826303275,0.3639142091152816,0.3533603238866396,0.35478824546240273
FEYE,0.14672835426305353,0.14040870138431116,0.13609072715143444,0.12293456708526085,0.11923583662714088,0.12259774685222014,0.10326449033977347,0.05003207184092373,0.008296107211231751,0.007019783024888371
ETE,0.048048048048048075,0.08983156581409846,0.07836990595611293,0.04133738601823711,0.06658369632856265,0.1204663212435233,0.12475247524752464,0.14379514116874592,0.06311881188118806,0.04905545399146849
ALGN,1.5175924643302396,1.538253638253638,1.5181224829884736,1.5478452430125298,1.4398129592518374,1.481121164705082,1.406639004149378,1.360010688756764,1.2560260586319218,1.340410100876904
CBOE,0.16201490047814948,0.1534444444444445,0.14831360285905726,0.1690188551428251,0.17384512385628215,0.17153776978417268,0.17034451700067565,0.18527718189003073,0.17325673087754878,0.19962062039723283
VSTM,1.7081339712918662,1.669856459330144,2.248756218905473,3.2475247524752477,3.109004739336493,2.8715596330275224,2.330434782608696,2.2184873949579833,2.2025862068965516,2.413502109704641
CVI,0.805025593299209,0.9291770573566085,0.9154577288644323,0.9252199413489735,0.869961612284069,0.8870084619213539,0.8402035623409669,0.8048418972332019,0.723394055608821,0.7030075187969924
BERY,-0.2002414625733011,-0.20300362506473324,-0.19831150930392827,-0.19511772853185594,-0.19581024930747915,-0.19938016528925617,-0.20031136481577594,-0.20390379923318236,-0.19197054698457217,-0.20187510751763282
UTX,0.05730468099283681,0.057745187901008244,0.05101449275362313,0.058623266627916504,0.026261797291752265,0.03168463500946417,0.01420944558521553,0.02210035196856852,0.019554900998199898,0.02757036186099948
DISH,-0.5024227740763174,-0.47472256473489516,-0.46982230392156865,-0.46589147286821697,-0.47660818713450304,-0.44955724225173943,-0.4663187855787476,-0.4460488733735323,-0.4654875567381437,-0.4646045418950665
GPS,0.37617421007685725,0.34752688172043,0.3698570809874404,0.421581476627348,0.41250542770299603,0.49480343425214635,0.5410958904109591,0.5163487738419619,0.5266272189349113,0.5299954894000902
CARA,-0.03325688073394506,-0.03899082568807333,-0.01869158878504673,-0.011098130841121545,-0.04810996563573877,-0.05935556811758058,-0.13538461538461544,-0.16549295774647887,-0.30022075055187636,-0.35379771743408106
SFIX,,,,,,,,,,
PX,0.17750220135016148,0.1949848361565205,0.18834346729942153,0.16522058823529417,0.138135717426352,0.1503413475808848,0.17318982387475534,0.1937797237110288,0.1656626506024097,0.15833835039133048
BAX,0.28852798894263976,0.30062090375991724,0.298463663041602,0.28258242706715,0.24550797649034428,0.22461589846359375,0.22797668609492083,0.22478576137112705,0.19892473118279574,0.20613315841259428
BBD,-0.1132075471698114,-0.19202898550724623,-0.16176470588235292,-0.19151515151515153,-0.16222760290556903,-0.11180904522613067,-0.13797468354430387,-0.13749999999999996,-0.1335012594458439,-0.18578255675029853
TAL,-0.6583561871519987,-0.6606019954724575,-0.66738215849575,-0.65998138275366,-0.6673558845422215,-0.6628813559322033,-0.6691596638655463,-0.6702521008403362,-0.689848054767073,-0.6833471760797343
IMMU,2.2353723404255317,2.11284046692607,2.0440985732814525,2.2205882352941173,2.13659793814433,2.0652962515114877,1.8896631823461094,1.792668957617411,1.7816492450638792,1.8312284730195176
FNSR,-0.2953470031545741,-0.2992874109263659,-0.2979719188767551,-0.34328895286074124,-0.34735315445975345,-0.33431408606105184,-0.3468485071876152,-0.3614591009579956,-0.3907801418439716,-0.37454644412191573
PPL,-0.3299127757824525,-0.3110206159328073,-0.31338742393509134,-0.30843251456064835,-0.3112683173319858,-0.30579562785968484,-0.2932216298552932,-0.27575602255253717,-0.2585629667782642,-0.26631712904046834
PDCO,-0.5223816663097023,-0.5221485127327199,-0.5221012171684818,-0.5345563139931742,-0.5244547956807113,-0.5266806722689076,-0.512154233025985,-0.4863342374295848,-0.4958193979933111,-0.49131980757163773
WY,0.09997042295178926,0.10334616523541595,0.09970238095238093,0.10279263220439705,0.086662749706228,0.07155477031802127,0.058945497630331856,0.0489098408956985,0.03573520796719398,0.06601248884924171
S,-0.3486682808716707,-0.3292383292383293,-0.31885856079404473,-0.28846153846153844,-0.3026481715006305,-0.32800982800982814,-0.34835566382460426,-0.3184634448574969,-0.33913043478260874,-0.3339575530586767
DRI,0.0262163963563653,0.019011827125013703,0.04788418708240538,0.056215005599104195,0.04460638180412957,0.05175913396481713,0.2127322156773901,0.22106325706594898,0.20928659979713737,0.2011545293072825
HFC,1.7597279939554213,1.89179548156956,1.8419811320754715,1.8255902513328257,1.793567688855647,1.885493230174081,1.7831465017394663,1.6733007885843034,1.4784530386740333,1.4791361639824308
WDAY,0.28144319448667265,0.3004666260904847,0.303449679454564,0.3327573940441102,0.2928849416225927,0.29553264604811,0.23004694835680772,0.2059710201303122,0.16829575147585407,0.1951481952460139
YY,0.9578675838349098,1.0651947148817804,1.081988028296753,1.0839555636496088,0.9527062532842878,0.9624720261662936,0.8992878942014242,0.9811385459533608,0.883843537414966,0.8665413533834587
DDD,-0.29457743038593065,-0.29138099902056813,-0.3149568552253116,-0.307802093244529,-0.34857401539157984,-0.3088642659279778,-0.3457814661134164,-0.34997730367680435,-0.36114911080711354,-0.3327067669172933
LOW,0.24871311989956046,0.23088381330685204,0.23373553924617507,0.23546365914786982,0.21065614208189443,0.22346507581406927,0.2517058377558756,0.25376563696706667,0.2731694491915342,0.2719687092568448
MCK,-0.07789084181313599,-0.08183877088816793,-0.08486364468305774,-0.08627917161984622,-0.09279752704791344,-0.08368018885506612,-0.10075520353656287,-0.10080328561937546,-0.12511978917105904,-0.13012350098442815
WPM,0.11072144288577168,0.15209518882565964,0.16272965879265078,0.16108786610878645,0.14419573138990116,0.14465408805031466,0.09285714285714297,0.08830908178625196,0.05934718100890213,0.0794438927507446
SPLK,1.0256498536753313,1.0746527777777777,1.0065812261863525,1.0387826086956524,1.0204222914503287,1.0356640899508083,0.9809207071591108,0.7887132415434304,0.7325004278623994,0.7657384987893463
VRTX,0.24042779002367554,0.24280330366450187,0.24975814253466622,0.23184992691245743,0.230291447682752,0.24776379323992725,0.16124008010086754,0.17457389507858045,0.15925093632958798,0.14316767858481372
NEM,0.12238979118329474,0.16132858837485164,0.16222760290556892,0.1702192448233859,0.16636253041362536,0.1556029232643117,0.11674208144796405,0.11820895522388053,0.09405501330967159,0.10186556114894874
NOW,0.7729407161025239,0.8142129992169147,0.8403120679439067,0.8419960474308299,0.7722972972972975,0.7936122706533344,0.7067790191251657,0.6524829327597492,0.5900361814639574,0.5769266266728197
PIR,-0.4938053097345133,-0.49641577060931896,-0.4633699633699634,-0.4701627486437613,-0.48550724637681153,-0.4318181818181819,-0.3913043478260869,-0.39688715953307385,-0.43511450381679395,-0.4419047619047619
AGN,-0.2624030503921314,-0.25356162032269136,-0.2623104447094905,-0.27079706144634597,-0.2718895948163419,-0.265850898881113,-0.2942018904210483,-0.29820727611185316,-0.30520165544104516,-0.3168213410469647
RHT,0.949260752688172,0.9781826360773729,0.9903321201091901,1.0064883323847469,0.8886552296624239,0.8810582481102713,0.6811726516534793,0.4375,0.40585395292697646,0.4122609227008862
CMA,0.2979558684174901,0.2817129006194452,0.27659287257019427,0.27738801942795477,0.277271508978826,0.3037663755458515,0.32757190265486735,0.336320358443013,0.3266055045871561,0.3044885324328128
LZB,0.19710669077757692,0.17112299465240643,0.1862567811934901,0.22550831792975967,0.22018348623853212,0.21183206106870234,-0.046875,-0.05696202531645567,-0.06965944272445812,-0.04658385093167716
YELP,0.33626302083333326,0.3472995090016364,0.336271629121776,0.3897180762852406,0.38639365918097734,0.4307065217391304,0.42098092643051777,0.3578104138851801,0.2979274611398963,0.3323343323343322
GT,-0.2974488365573311,-0.2803899082568807,-0.27647907647907644,-0.24917934944792597,-0.25572405590246805,-0.2462326702833031,-0.2694023193577164,-0.26323661381992225,-0.2686478454680534,-0.28944281524926685
I,3.9716981132075473,4.242990654205607,4.514106583072101,4.178683385579937,4.163987138263665,5.212218649517685,5.309677419354838,4.705501618122978,4.431309904153355,4.561904761904762
OKE,0.3716391157140013,0.39264912633058846,0.3838301347488773,0.3443201883460858,0.3700458076080464,0.475157894736842,0.45074878717570144,0.46453232893910856,0.39662533035169756,0.3739612188365651
LEN,-0.021621621621621512,-0.015946597441127364,-0.005273069679849307,-0.018137162289816766,-0.012703830109973446,-0.030443660664562833,-0.029483568075117428,-0.023087197099790013,-0.055640828856485025,0.0030499428135721818
JACK,-0.20322459692538442,-0.2042517325341825,-0.18837034249153173,-0.17893747061589094,-0.18563608909022267,-0.18119658119658122,-0.18709616115545413,-0.17332555652765624,-0.14267352185089976,-0.1293231592508175
ETSY,1.4186217008797652,2.069270449521002,2.0714801444043323,2.2055596196049745,2.0514084507042254,2.1623748211731044,2.070422535211268,1.94141689373297,1.7395013123359582,1.764243614931238
GLNG,0.18456817185444985,0.28795569912321173,0.35007242877836786,0.29578117756142785,0.3097928436911488,0.362530413625304,0.27941176470588225,0.3179723502304148,0.2688123300090661,0.2722704431247145
BG,-0.08624018535204014,-0.09411915767847967,-0.09387121799844844,-0.07616324408630104,-0.07634961439588683,-0.07854707579333864,-0.06179849465205345,-0.05321683876092154,-0.059033280507131525,-0.041224654223177004
ABT,0.31963758954909394,0.3215785054575986,0.3073566084788031,0.30304915992532666,0.27510738392309264,0.27414394094730365,0.2713609223800699,0.2571544550436369,0.23818255908720465,0.24115722756082603
BWP,-0.4068287037037037,-0.4019894675248683,-0.41598119858989424,-0.4342105263157895,-0.41217798594847777,-0.384157236450268,-0.3924731182795699,-0.41047783534830173,-0.3968521641371556,-0.34823923979877025
SHAK,0.6575520833333333,0.7337593184238551,0.7319724284199365,0.7883905013192614,0.8005742625946228,0.8409574468085106,0.869918699186992,0.8658536585365852,0.81,0.9093978615644345
MIK,0.1834862385321101,0.007478632478632452,-0.04204364023416707,-0.04652406417112309,-0.036997885835095334,0.011872638963842386,0.04015192620727093,0.08045977011494254,0.04444444444444451,0.024644030668127037
RF,0.30998613037448,0.2841379310344829,0.2909722222222222,0.3036211699164346,0.306896551724138,0.32515767344078483,0.3553008595988538,0.33887283236994237,0.3522476050110539,0.3181818181818181
MPC,0.36071233872433206,0.40937207122774133,0.3881864502736365,0.39092430723451743,0.37262847669920784,0.3967833491012298,0.4011212062632903,0.41919093218682835,0.35864077669902916,0.36898499902591064
EMR,0.19625246548323472,0.21520253375562604,0.1994689678061734,0.18885959129861574,0.14956011730205288,0.16868670097957827,0.18008185538881305,0.18968159373403726,0.17044685172647278,0.17926767248686204
BSX,0.1364613180515759,0.1685837526959022,0.18774774774774783,0.1636036036036035,0.12991150442477872,0.15066047840057095,0.15191687567180212,0.17085427135678377,0.1430604982206405,0.15692640692640691
OKTA,1.0599294947121036,0.9890772128060263,1.1248049921996879,1.0770392749244713,0.9381179055291102,1.0176625328823752,1.05165767154973,0.9730038022813687,0.9200940070505288,0.9545094936708858
CAH,-0.27646509144306497,-0.2776087819071552,-0.279036081116671,-0.2932390985464728,-0.29011940690198124,-0.2890839994758223,-0.30898296334537945,-0.31453968253968256,-0.3305722891566265,-0.3257833144582861
MRVL,0.24013528748590773,0.24059293044469787,0.25847214244686967,0.25620311598384315,0.22177650429799423,0.24143835616438358,0.21094640820980604,0.21286283437677844,0.1420486700622523,0.12804532577903682
NOK,-0.052959501557632405,-0.042319749216300884,-0.033175355450236976,-0.05312500000000009,-0.07739938080495357,-0.0627943485086343,-0.07511737089201875,-0.06739811912225702,-0.08763693270735518,-0.07927444794952687
ACAD,-0.40623853211009175,-0.4393718042366691,-0.40144596651445963,-0.41586715867158675,-0.4165773490532333,-0.3958185683912119,-0.45507345404851385,-0.4306136680613668,-0.45041039671682626,-0.4488107549120993
IVZ,-0.2096259785445057,-0.21539792387543244,-0.20445344129554643,-0.2250794568043918,-0.23785310734463272,-0.22611919019104643,-0.22327586206896544,-0.21034581308945421,-0.2167572204746926,-0.2210768351899457
BUD,-0.14120126448893566,-0.14572732058255833,-0.12967052380531752,-0.1518876207199299,-0.15532194480946127,-0.1522157996146436,-0.14522930943595136,-0.12545213939126598,-0.13654015887025595,-0.137596558988764
PANW,0.5810760667903525,0.6100985957573948,0.6252650711905483,0.609848772703093,0.5727598031906964,0.6280510844101865,0.5999699112381525,0.5257239453182418,0.46188859186474973,0.4960250893443219
SYMC,-0.2739679290344592,-0.2657270539704366,-0.2516719464977121,-0.2562390158172232,-0.27319944598337953,-0.2643557422969187,-0.2815198618307426,-0.28080527594585214,-0.28250963897651604,-0.2931392931392932
BK,0.15634456324389756,0.14124974884468533,0.1436319807151467,0.14732411304870707,0.14041368337311066,0.15062174087444835,0.15245009074410154,0.14530776992936434,0.13219442749644084,0.11099899091826448
CBIO,4.773148148148148,4.903669724770642,4.8584686774942,1.0610859728506785,1.3990825688073394,1.4930555555555554,1.3675799086757991,1.3325942350332594,1.3951434878587192,1.5066079295154187
KSS,0.9905362776025237,0.9458311205523104,0.9849785407725322,0.9884965222043871,1.0077271516120434,1.1221204551762418,1.1746344206974126,1.0341597796143254,0.9694842019983798,0.97228144989339
BIG,-0.1613993241900219,-0.16515973477998802,-0.15425641025641035,-0.13698058049697226,-0.15362258667220263,-0.1340448239060833,-0.10133104336625154,-0.12079965971926843,-0.10170212765957454,-0.11033901874078755
NE,0.36097560975609766,0.37279596977329965,0.3560209424083769,0.40159574468085113,0.40740740740740766,0.5290858725761771,0.4843304843304843,0.5714285714285714,0.4318766066838047,0.47097625329815296
NDLS,1.5333333333333332,1.7571428571428571,1.791666666666667,1.853333333333333,1.9,1.9350649350649354,2.2027027027027026,2.128205128205128,2.1,2.3114285714285714
GOGO,-0.564516129032258,-0.5613886536833192,-0.5567796610169491,-0.5619285120532003,-0.5584843492586491,-0.5566666666666666,-0.5799163179916318,-0.5681625740897545,-0.5845896147403684,-0.5901675041876047
ITUB,-0.02117863720073654,-0.08348457350272231,-0.051423324150596916,-0.07509157509157516,-0.04276615104640591,-0.0018850141376060003,-0.023474178403755874,-0.02434456928838946,-0.013195098963242113,-0.0582347588717016
CSX,0.22758492667532937,0.2389996239187664,0.2507036967536125,0.25350777398558955,0.2172361997746901,0.24438902743142155,0.22724659896531896,0.23155893536121663,0.217094017094017,0.2132906626506026
AUY,0.1811023622047243,0.2549800796812749,0.19354838709677424,0.2204081632653061,0.28270042194092815,0.27542372881355925,0.22222222222222232,0.19841269841269837,0.12030075187969924,0.1206896551724137
JKS,-0.34627831715210355,-0.3229337712096333,-0.314398200224972,-0.29732678668848866,-0.3507741591030432,-0.3077736647276573,-0.27061855670103085,-0.30207305034550846,-0.33076552720269614,-0.31506172839506175
REGN,-0.3491671416809172,-0.3379959734921566,-0.32843450479233227,-0.3137570394207563,-0.3065702715881867,-0.31978680879413723,-0.36967932263131675,-0.3695136079615595,-0.3676956681421917,-0.3691147680797038
LLY,0.05501538461538469,0.058210784313725394,0.058866544789762276,0.05166096726917435,0.05440854991498645,0.04265861027190332,0.04150532429816067,0.019096192622464647,0.022410299201335082,0.014000949216895986
THC,0.9929919137466305,0.9364406779661019,0.9830693610049157,1.017572762218561,0.9747583243823845,1.0808416389811741,1.1165158371040724,0.9365079365079367,0.957343412526998,0.9648375066595634
URI,0.492387605230163,0.5691250834844004,0.554256449898541,0.5524714828897337,0.4903225806451612,0.5560581272254836,0.5073804369218657,0.4924869967251011,0.41297091082498816,0.39704080671001796
GNC,-0.4767441860465117,-0.4910941475826972,-0.4850843060959792,-0.462962962962963,-0.45406125166444744,-0.44037940379403795,-0.41725601131541723,-0.42620689655172417,-0.46153846153846156,-0.5396825396825397
BLUE,0.6705150976909413,0.7581436858545292,0.6585144927536231,0.6243678160919541,0.5783399911229472,0.620353982300885,0.5573566084788031,0.4253164556962026,0.43035714285714266,0.43339333933393354
FTI,0.11284181377639313,0.13319238900634245,0.12219812002892261,0.14135556361000368,0.1557106132941608,0.1739293764087153,0.16119290298225764,0.2098765432098766,0.1801498127340826,0.15866815476190488
APRN,,,,,,,,,,
BZUN,2.1964461994077,2.182402372713791,2.1700302724520686,2.077598828696926,1.8700564971751414,2.1014002897151136,1.8733766233766236,1.772105742935278,1.3757049891540127,1.5002205558006172
STZ,0.2766917293233082,0.2906058921623125,0.29240155296727677,0.2840557275541795,0.2650043649061544,0.2544026009211595,0.2539837398373985,0.2575090978219543,0.23552039876469633,0.2651394749821889
EOG,0.3057641342756183,0.32160125941751927,0.31181066176470584,0.3174423859014912,0.32939707051209277,0.3594763801935119,0.33838383838383823,0.351465389440073,0.330789383756692,0.35873669756265003
A,0.11774628879892046,0.11670596160323332,0.11687214997466633,0.09174928583431363,0.04905037159372427,0.040775733465937325,0.05435691587221947,0.03596766210196334,0.0239250460097038,0.04557731262660347
PRU,-0.08098102730217493,-0.08649398704902866,-0.08976727004063534,-0.0906136848946244,-0.10029498525073755,-0.09857581681094674,-0.08075126322814374,-0.06591811054108998,-0.07140092879256965,-0.07919359506125212
CBL,-0.36042402826855124,-0.3635294117647059,-0.3671782762691854,-0.33254437869822484,-0.32738095238095233,-0.30578512396694224,-0.2655298416565165,-0.2533172496984317,-0.27261904761904765,-0.29561200923787534
FDC,0.15219721329046076,0.19326339039204865,0.17909635274904723,0.19591611479028703,0.18438177874186534,0.2007658643326038,0.1899563318777293,0.16962843295638108,0.14477211796246658,0.12533404596472475
SO,-0.14257735996866439,-0.13686060132760636,-0.14078514794043706,-0.13506695129051038,-0.12368728121353556,-0.12879520402243283,-0.11542968750000004,-0.09071059944422388,-0.065008025682183,-0.07395009980039924
VRSN,0.5211790393013103,0.5406938686449925,0.5432259464150127,0.5703006705602423,0.5319807794981313,0.535887749595251,0.5050949265257962,0.4828913601368692,0.4444444444444444,0.4622702009405728
GALT,2.1031746031746033,2.2252964426877475,2.514056224899598,2.8978723404255318,2.7605042016806722,2.3586497890295357,2.2531645569620253,2.222689075630252,1.8333333333333335,1.648221343873518
TPX,0.05022276225192379,0.01743007701661936,0.01687242798353905,0.0334849111202975,0.07396025404630202,0.07765190525231724,0.07783695206882424,0.043017206882753234,0.025471319695146377,-0.03027965284474443
TRIP,0.46028880866426003,0.4967591392273787,0.5441835927195993,0.5647586388815617,0.6376731301939056,0.6259372396556513,0.5921273031825796,0.5853385562395075,0.5073051948051948,0.5353149713662393
TIF,0.4810540069686411,0.48273224043715834,0.49714348494836313,0.49750217202432645,0.44909478168264094,0.4669484178586909,0.4784799036250136,0.46199278136279087,0.44972219195990837,0.44892211028057627
UBNT,0.7789129546383329,0.7517503500700138,0.810351966873706,0.8021456571074892,0.7885085574572128,0.7509150061000407,0.737585789261203,0.6446199407699902,0.5812731166050225,0.6125968992248061
BITA,0.0007336757153337814,-0.11005135730007332,-0.09835466179159058,-0.06846780162842336,-0.11908993956629921,-0.12678571428571428,-0.16194751381215478,-0.15950069348127605,-0.20231213872832365,-0.16868721856598545
ICE,0.1614955010859449,0.15231173650842722,0.15090543259557343,0.15239275205203673,0.14667284236529254,0.15638561686298824,0.165500077772593,0.1660171473109897,0.1558805227131299,0.16223776223776243
FITB,0.22976707461508106,0.20562939796716195,0.20368916797488223,0.204161758932077,0.19460726846424392,0.2014866979655714,0.20638046474990146,0.19729514717581553,0.21897810218978098,0.19460112812248176
CTRP,-0.08681438430802757,-0.04873511904761896,-0.01747720364741645,-0.032489610880241715,-0.07455489614243327,-0.0813759940817459,-0.1099000908265213,-0.12533620225927922,-0.1466834441847924,-0.14007640531198828
CB,-0.0892746860632676,-0.11309564387483817,-0.11207598371777483,-0.12291638433392071,-0.1186866970294338,-0.1376165520996394,-0.14786522984586004,-0.13857780831329447,-0.1362789092164307,-0.141678129298487
FANG,0.28028991778450885,0.2969798657718121,0.34598812157913117,0.44432661717921507,0.48538828734427764,0.4885110294117647,0.4262824207492797,0.46033961386368927,0.3755656108597283,0.4259450171821306
JNPR,-0.043835616438356095,-0.03099965168930685,-0.05440055440055436,-0.055807464248343264,-0.08119218910585824,-0.06360792492179346,-0.06722106722106713,-0.05818053596614947,-0.06963591375044187,-0.050337958022056206
CVNA,1.4546657842488422,1.418562874251497,1.421945701357466,1.2366649404453653,1.2354145342886387,1.0475938656795347,0.9421402969790065,0.9091769157994323,0.8516098926738218,0.7050021376656692
BHF,,,,,,,,,,
ZIOP,-0.2310469314079423,-0.23613595706618973,-0.2095588235294119,-0.34636871508379896,-0.37384898710865555,-0.3771626297577855,-0.4414261460101867,-0.4744645799011532,-0.5120385232744784,-0.49682539682539684
HON,0.12977156038395732,0.1263408820023837,0.11720086264594332,0.11379335957810288,0.08421672555948168,0.08620561856052178,0.07240223463687157,0.07406578652942497,0.07500559743264401,0.07729778042603908
IP,0.023988542785535305,0.01699767400250507,-0.006808815624440134,-0.01150238895770661,-0.037934668071654354,-0.04445228435350146,-0.059420032022771796,-0.060949681077250184,-0.0670184696569921,-0.06002115282919085
GNW,0.24338624338624348,0.23947368421052628,0.25,0.25479452054794516,0.228882833787466,0.2465753424657533,0.28205128205128216,0.21236559139784927,0.1945945945945946,0.18817204301075252
ISRG,-0.4599715930986644,-0.4529657882825696,-0.45436847843015105,-0.46365484674915836,-0.47863202262177873,-0.48163469309626106,-0.4890429783796826,-0.4935755009641989,-0.5010432693320969,-0.48531006762791884
MNKD,0.3496503496503496,0.3897058823529409,0.28378378378378377,0.2516129032258063,0.27922077922077926,0.2549019607843137,0.31543624161073813,0.3137254901960782,0.3377483443708609,0.32781456953642385
AVP,-0.5771428571428572,-0.5792349726775956,-0.5650969529085872,-0.5527065527065527,-0.5741758241758241,-0.5577464788732394,-0.5391304347826087,-0.5289017341040463,-0.5402298850574712,-0.5703125
ZTO,0.44325050369375396,0.44692359702501694,0.48838845883180837,0.4874301675977655,0.4195804195804196,0.4371468926553672,0.40142857142857147,0.35764375876577836,0.34170153417015325,0.3704986149584488
SYK,0.18005383198753355,0.18930157164000283,0.19223960914819793,0.19692069741282325,0.20052341208091673,0.20258192651439932,0.20603693181818183,0.21795779634612655,0.20663265306122436,0.22571653205632192
CRSP,2.93646408839779,3.1445614035087717,3.110187110187111,3.2288993923024982,3.196078431372549,3.385752688172043,3.3311170212765964,2.8897149938042133,2.751216545012165,2.6300289855072463
DG,0.277638356888126,0.27319587628865993,0.3458241150442478,0.3967484312606959,0.35885634588563464,0.3726890756302521,0.3757144848738325,0.40897580191333716,0.44014336917562735,0.41798040051129104
HL,-0.29241877256317694,-0.26226415094339617,-0.2396039603960396,-0.23913043478260865,-0.26061776061776054,-0.25048923679060664,-0.2620423892100193,-0.2779850746268657,-0.30451127819548873,-0.3097928436911487
GGAL,0.059743954480796724,-0.03133971291866022,-0.04118773946360155,-0.11638954869358664,-0.1157043879907621,-0.08943661971830996,0.022349143282840878,-0.023171614771904436,-0.08359814226350515,-0.057799951326356735
W,0.5225340136054422,0.5254945667316802,0.4960194305761707,0.4942890901929893,0.5500952899537166,0.5591946308724831,0.5154488794589578,0.5047169811320757,0.4264744089373862,0.4789716545814109
DNKN,0.19539219134716856,0.2020716292134832,0.2191780821917808,0.20971418551639487,0.1972173913043478,0.21871695452943252,0.27257709251101336,0.2560316888728844,0.26180492251595244,0.25372321104249895
TECK,0.6602382302892797,0.6873156342182893,0.6535626535626535,0.7838018741633199,0.7051198963058976,0.7641950567802271,0.696078431372549,0.6397984886649872,0.49667673716012084,0.5075711689884916
ALB,-0.16403337475590263,-0.1428571428571429,-0.11994342291371995,-0.14080858543806085,-0.15628173174559212,-0.14971227028030443,-0.13391091439871927,-0.111596958174905,-0.12293752980448258,-0.1184536278804037
LMT,0.12929300186808446,0.10806278986799844,0.10397607945039677,0.10106364056774919,0.0716259298618489,0.07059280992611972,0.06145093466200224,0.06757479584923143,0.06460233751425304,0.06657132642116559
AMBA,-0.15205022562291548,-0.1376591873862948,-0.10813573180703184,-0.1073330602212208,-0.12836062259955527,-0.09514087382605141,-0.10491803278688516,-0.1227429498884155,-0.14892320195042663,-0.15731241198953938
FLT,0.4103504482477587,0.40236080786026207,0.43304961594353353,0.5264870853818988,0.5332311550787239,0.5743804587090817,0.5632233176168024,0.5340046805191123,0.46432537479178215,0.47017005854474503
DKS,-0.0830253757083026,-0.07904457030288103,-0.06735496558505416,-0.0880220055013754,-0.09860904123199199,-0.07379327773565836,-0.03469119579500657,-0.06763410209898957,-0.08448540706605234,-0.08291075050709928
AMTD,0.48914652195362596,0.4692627969630174,0.46095284872298636,0.459552495697074,0.4401750972762646,0.4527241632054728,0.4564254062038404,0.4381773399014779,0.381069151544875,0.3639010189228531
FTR,4.701492537313432,5.173228346456693,4.824427480916031,4.539568345323741,4.863636363636363,4.991803278688525,4.982142857142857,4.8392857142857135,4.057377049180328,4.359649122807018
EXC,0.10861833105335172,0.1193785772690108,0.1268332428028245,0.12513484358144544,0.12947882736156346,0.13309840065058265,0.1298063812380692,0.13202400436443007,0.14657534246575343,0.1311475409836067
GD,-0.0036399900274246555,-0.02712639109697934,-0.03083700440528625,-0.03305866679824343,-0.06762174848425584,-0.061120376729127845,-0.075825199862671,-0.05902812282619496,-0.06069938406516984,-0.060322677322677265
AOBC,-0.4785327219674864,-0.48466257668711654,-0.4707104279185709,-0.46115496468633155,-0.46153846153846156,-0.42801556420233455,-0.4573972022043238,-0.4582798459563543,-0.4666666666666667,-0.454213241616509
SOHU,-0.1467554791577138,-0.09536482590374817,-0.0949978060552874,-0.08069481090589259,-0.11578266494178535,-0.11010558069381593,-0.11504424778761058,-0.09236507240017555,-0.1685052995890115,-0.16587060356057315
CRI,0.2202387720295622,0.22167990919409775,0.2220589897163523,0.23486737701201532,0.22804644346747827,0.2936435868331442,0.3125291647223518,0.27077530176415965,0.2613791533909877,0.2591542908967237
ZNGA,0.22222222222222232,0.23796033994334298,0.18630136986301382,0.15718157181571812,0.14130434782608692,0.16574585635359096,0.14560439560439553,0.16022099447513805,0.07651715039577844,0.08730158730158744
PHM,0.27611940298507465,0.26853377265238887,0.2612126245847177,0.23365264473136182,0.2181291390728477,0.2125464300453983,0.20140032948929165,0.19717138103161402,0.16935817805383024,0.18644067796610164
RSG,0.06756756756756777,0.07918939984411533,0.07724329324699353,0.06819935195185933,0.06220242666257092,0.0672138764131951,0.07927590511860183,0.09140710596337454,0.08463460337289175,0.07907742741180135
MOMO,0.3989487516425756,0.4740010946907498,0.4757709251101321,0.4402277039848197,0.3551724137931034,0.37001847453153847,0.3147286821705426,0.30439249935782176,0.22414231257941553,0.18156424581005592
FL,0.038475499092558874,0.0721591965780175,0.07647170168464879,0.07417371252882399,0.08901846452866846,0.1267633618120405,0.1879966541196152,0.14905263157894733,0.10701644805330002,0.10667769278478412
TSM,0.09814398200224961,0.08274894810659195,0.09170428893905203,0.06635071090047395,0.03728251864125931,0.061444782729034086,0.02478888586216277,0.038409152819395276,-0.005989654233596431,0.005117630777746962
XLNX,0.07718431614695898,0.08554254007398288,0.08263953129818069,0.07738646895273416,0.039453717754172946,0.05179282868525892,0.023593466424682408,0.002252928807449761,-0.030356878424403932,-0.018334323040380074
UA,0.024470588235294022,0.030346135609293556,0.05607476635514019,0.09552845528455278,0.06049822064056931,0.12361914781693839,0.12426666666666653,0.08056133056133064,0.05648854961832073,0.06049196787148592
OAS,0.3087179487179488,0.4467353951890034,0.4417767106842736,0.5030599755201959,0.5213154689403166,0.6085889570552145,0.6728476821192055,0.7989556135770233,0.6903225806451612,0.7098445595854921
DUK,-0.1593949970913322,-0.14898053753475438,-0.14548591144335832,-0.14608675694285067,-0.12912878351939228,-0.12334599010470604,-0.1115859997689731,-0.10257301808066754,-0.08003722661703117,-0.08650519031141868
CZR,-0.09019607843137256,-0.08300395256917004,-0.07346938775510203,-0.04471544715447162,-0.0916334661354582,-0.07346938775510203,-0.08097165991902833,-0.09960159362549803,-0.13253012048192758,-0.13745019920318735
GRPN,0.46753246753246747,0.4666666666666668,0.45341614906832284,0.47515527950310554,0.47169811320754707,0.5275080906148868,0.4262820512820513,0.4018691588785046,0.27665706051873173,0.26985507246376805
ETFC,0.7422126745435014,0.7346174424826111,0.7264429530201344,0.7379217273954117,0.7137161084529506,0.7600539811066127,0.771048343291689,0.7793916141408606,0.7301324503311257,0.7060506950122649
JWN,0.11017680034497634,0.05388841927303467,0.07425531914893613,0.08631578947368435,0.0649188514357053,0.12283362218370897,0.14539930555555558,0.0831929233361417,0.06041666666666656,0.06757322175732217
HMNY,-0.8512096774193548,-0.8612698412698413,-0.8591836734693878,-0.8579600000000001,-0.810168776371308,-0.8771653543307086,-0.8693798449612403,-0.8735483870967742,-0.8830645161290323,-0.8999601593625498
KORS,0.9217716422203044,0.9053819444444442,0.9469434832756631,0.9826589595375721,0.9181453921007441,0.9684423856398379,0.948725376593279,0.913006029285099,0.8876627051499713,0.905356141334829
AAOI,-0.31746280344557565,-0.28236259228876126,-0.30290856500080343,-0.3086832061068703,-0.3338607594936709,-0.30992141453831046,-0.3164817749603803,-0.31189053161371494,-0.3889479277364506,-0.31384965091735684
TJX,0.28169395210391035,0.29233292332923333,0.31196581196581197,0.3246824958586416,0.3234277816171389,0.3781704189227699,0.38746397694524504,0.3829818181818181,0.37447668543380974,0.3568773234200744
CBS,-0.12271624898949074,-0.09252551860388547,-0.0877906031539587,-0.09513096577213553,-0.09286632390745497,-0.040553907022749636,-0.09803294418679043,-0.09352517985611497,-0.11586228580411884,-0.13812927284027343
PPC,-0.14954806902218576,-0.15049342105263164,-0.11315240083507305,-0.15545144804088595,-0.13356018715440243,-0.13547008547008543,-0.14487783969138446,-0.14341761115954677,-0.1322241681260945,-0.09687499999999993
NKTR,1.926655719759168,2.0591106290672445,2.1984521835268103,2.2093406593406595,2.1190864600326265,2.203193832599119,1.91544885177453,1.7102564102564104,1.5647823911955983,1.4736575481256335
PAA,-0.029332304129679687,0.015304067660088627,0.0223817567567568,-0.006446414182111226,0.0012219959266801528,0.04307036247334772,0.03378956372968367,0.025523012552301383,-0.03808353808353826,-0.041549011698265303
ANET,0.8522862037159045,0.8611055941741144,0.8952588772069034,0.8420635967805778,0.7477339461253671,0.8302264077920403,0.7660596863935256,0.7171558130746944,0.6079693107288702,0.6567372290531117
PF,0.048262230275078144,0.047867995425584065,0.06226507599280939,0.06120092378752884,0.06148013845393119,0.07510407993338886,0.08837592745259704,0.08907672301690495,0.07025193798449614,0.0654877260981912
SDRL,-0.0970833333333333,-0.024090909090909052,0.0,-0.06818181818181823,-0.11363636363636365,-0.1444444444444445,-0.19826086956521738,-0.26086956521739124,-0.1567567567567567,-0.13027027027027038
FLEX,-0.15559545182525436,-0.15956808638272357,-0.13641826923076927,-0.13030303030303036,-0.15676959619952502,-0.14302812687013766,-0.14353219137625517,-0.13870776526378192,-0.178780773739742,-0.16028285209192683
MOS,0.25232067510548517,0.29639401934916454,0.29780564263322895,0.28797886393659167,0.23840769903762027,0.2506750675067506,0.2976680384087791,0.2939068100358422,0.22464083587287775,0.21308652604390876
IONS,-0.07281361297981792,-0.06791338582677153,-0.07323383084577118,-0.12228260869565222,-0.1668904661423365,-0.15570469798657716,-0.22195571955719562,-0.21509502923976598,-0.23285428415499354,-0.2273873873873874
KMB,-0.20468423900440602,-0.21730459461532559,-0.2092952147989604,-0.22632670301820146,-0.22925139328212074,-0.23554185154546137,-0.24038534476219375,-0.23362428842504745,-0.2148148148148149,-0.22580886758538055
XNET,2.9318840579710144,3.0058823529411764,2.8630952380952386,2.9006024096385543,2.6106194690265485,2.8171091445427727,2.686390532544379,2.7692307692307696,2.459940652818991,2.5640243902439024
WSM,0.24061224489795907,0.23905518224394218,0.2773677736777367,0.32040858870127176,0.3122537839518973,0.3766261462998506,0.37494646680942156,0.34442560406952105,0.30139005897219895,0.3003994113937356
SWKS,-0.04206008583690979,-0.004879476920074177,0.004106374657802059,-0.007850834151128638,-0.044397463002114224,-0.01748354778508987,-0.042981606969990316,-0.04552058111380153,-0.06688386354925258,-0.035530990919857786
INSY,-0.35418583256669733,-0.2857142857142857,-0.28949691085613405,-0.31448763250883394,-0.3168402777777778,-0.3178807947019867,-0.3424550430023455,-0.37975646879756464,-0.423469387755102,-0.4134039334341906
MTCH,1.4450736126840318,1.478037649743297,1.5276470588235291,1.576629477392836,1.4830316742081449,1.4577142857142857,1.495145631067961,1.4294653014789538,1.2759394279304543,1.298735244519393
WATT,0.019399249061326618,0.004950495049504955,0.0012539184952979898,0.043256997455470625,0.052262587635436786,0.0773694390715669,0.08480325644504738,0.04060248853962034,-0.01355713363460298,0.0019505851755525772
NFX,-0.03567984570877525,-0.028609447771124397,-0.052023121387283267,-0.019774974428912295,-0.0020519835841312783,0.02815934065934056,0.05030542579949704,0.1157474600870827,0.07770515613652873,0.08279103398409249
JBLU,-0.1761388286334057,-0.18493150684931503,-0.16673903603994789,-0.15840280824923214,-0.17233856893542765,-0.15353805073431237,-0.14507542147293695,-0.1500223914017017,-0.16116071428571432,-0.16961130742049468
TIVO,-0.2207446808510638,-0.2454308093994778,-0.24603174603174593,-0.22371967654986524,-0.21621621621621623,-0.20923913043478248,-0.22615803814713908,-0.2623376623376624,-0.27864583333333337,-0.26984126984126977
CRZO,0.25834084761045983,0.3485070974057758,0.4094827586206897,0.4882478632478633,0.5694521306032096,0.6398210290827742,0.711042944785276,0.741110417966313,0.6513038204972712,0.731888544891641
HCLP,-0.03149606299212593,0.029535864978902815,0.12796208530805675,0.10952380952380958,0.12195121951219523,0.14423076923076916,0.22513089005235587,0.24607329842931924,0.13861386138613874,0.12318840579710155
TTWO,0.5875100509246849,0.6380747512772251,0.6418051614646669,0.6274271844660195,0.5901484480431849,0.6143638850889195,0.5947980835044491,0.6010951403148528,0.6016739846322723,0.598613565311948
FIVE,0.9927465202901393,1.098458376156218,1.0753268312927995,1.0637234485630986,1.0132788559754848,1.0261899812928705,1.0169701986754967,1.0321782178217824,1.061143572621035,1.1019859329747619
ESV,0.051948051948051965,0.0661016949152542,0.03174603174603163,0.0525394045534151,0.05789473684210522,0.16171003717472132,0.17948717948717952,0.24754420432220026,0.17164179104477606,0.18981481481481466
HAIN,-0.18930511867314836,-0.18892414190943174,-0.19216576781152417,-0.14980831613093482,-0.11371841155234663,-0.13321223130487436,-0.12002412545235219,-0.08940600122473974,-0.05411392405063298,-0.11685994647636044
VMW,0.6978943812633711,0.7083570210346788,0.7150347657585774,0.7189557321225881,0.7036494706014869,0.7250056676490593,0.6890345517164758,0.6586687306501546,0.5956885173779147,0.6064968012353851
TPR,-0.014521022973558728,-0.01641823287967159,0.007380073800737907,0.015141682889898478,0.007089151450053732,0.029321663019693522,0.03200859291084868,0.016996557659208378,0.0074930421751231435,0.0015869657215403787
NTAP,0.9540436456996146,1.0341207349081363,1.046352383460627,1.0587151132174828,1.0273295158771472,1.0428646105593309,1.0137270137270136,0.9677831756583992,0.9297717582141962,0.9329858525688757
TRV,0.028707375099127797,0.007033447952485394,0.0027127577119825386,-0.014292336217552437,-0.000857566071567839,-0.029203883495145688,-0.039897340177321605,-0.03039513677811556,-0.03086323045589845,-0.03716295427901528
TTD,0.795812562313061,0.8385458976441917,0.852415210688592,0.8610054075705988,0.7570578067985403,0.8345450972686186,0.7486150907354348,0.775506268081003,0.6480354178195906,0.7083647324792768
STM,0.6264908976773385,0.7016861219195849,0.7298013245033113,0.6951379763469119,0.5815738963531669,0.6068828590337527,0.5485342019543975,0.5590393595730487,0.5086898395721924,0.5766323024054982
WHR,-0.2209386281588448,-0.2089650961636308,-0.22523440684875673,-0.23096952060039821,-0.2533143698887591,-0.2501027960526315,-0.257107476394407,-0.25881328141012494,-0.2373860504557983,-0.24643456375838924
BTE,0.4756944444444444,0.55893536121673,0.6083333333333334,0.3438735177865613,0.32799999999999985,0.359504132231405,0.4343891402714932,0.4931506849315068,0.4414414414414414,0.4405286343612336
ENB,-0.16079751424132582,-0.1343600637280934,-0.15532700421940926,-0.16919516585240413,-0.17981888745148766,-0.1587175410704823,-0.17780115728563917,-0.1868272680676577,-0.2050825921219822,-0.19398838090426884
RIOT,0.8059701492537314,0.9185750636132315,0.8362282878411911,1.0557103064066853,0.8300000000000001,0.8329177057356609,0.8636247116124072,0.7461928934010151,0.6675126903553301,0.7211274632077824
AMRN,0.10472972972972983,0.09797297297297303,0.09491525423728797,0.09556313993174048,0.07000000000000006,0.06557377049180335,-0.06542056074766356,-0.12990936555891242,-0.17261904761904767,-0.18840579710144933
TLRD,1.9265091863517063,1.2773913043478262,1.275221238938053,1.3496007098491574,1.4491449144914492,1.6157587548638133,1.849896480331263,1.817989417989418,1.6516516516516515,1.64746772591857
AXON,-0.8187472234562416,-0.8395538395538396,-0.8170849420849421,-0.8373751783166905,-0.8652416356877324,-0.8780276816608996,-0.8878151260504201,-0.8995833333333333,-0.8923334729786343,-0.9028144720235591
NTRI,-0.2875494071146246,-0.28388998035363455,-0.29961832061068694,-0.23623623623623635,-0.23908730158730152,-0.23290386521308226,-0.2621359223300971,-0.2748312439729991,-0.2782026768642447,-0.279047619047619
OMC,-0.09000856059679585,-0.08542652590705002,-0.08979000724112962,-0.09302604729324215,-0.10278474961156936,-0.08797476034461837,-0.0864092944451168,-0.07708206686930097,-0.09044555056452597,-0.08835972440468998
CRON,4.408279529054311,4.293713238102513,4.4976897172840475,4.2558139534883725,4.229854387436151,4.748407643312102,5.136,4.4232209737827715,4.293440736478711,4.1675
TNDM,19.413793103448278,21.559808612440193,22.423529411764708,21.042648709315376,22.082352941176474,23.415584415584416,21.923250564334083,26.958937198067634,28.64735516372796,27.421052631578945
AKRX,-0.555322966507177,-0.5502392344497608,-0.5390134529147983,-0.5456989247311828,-0.5246636771300448,-0.5324753067943729,-0.5294117647058825,-0.5219206680584552,-0.5332538025648672,-0.5291840381179274
GWW,0.7727987421383646,0.7929612473166872,0.8082145281737951,0.7530501330967172,0.738774373259053,0.8145539906103287,0.8032012897282359,0.8063433267739324,0.7326794421136185,0.7238224046788888
SU,0.2933937823834196,0.33825999328182754,0.3277966101694916,0.33703329969727536,0.3395459166384276,0.38823119777158777,0.3655988857938719,0.39347675225537815,0.33356305995864943,0.39296902192829797
TSEM,0.0073649754500817455,-0.009053497942386968,-0.0025094102885820924,-0.04346009193480982,-0.08736669401148478,-0.05882352941176483,-0.07938487115544468,-0.06702084184715984,-0.10080645161290325,-0.07457212713936423
ZGNX,2.1578947368421053,2.0684931506849313,2.125,2.284246575342466,2.2346938775510203,2.2644067796610168,2.17,1.98,1.8833333333333333,1.9254237288135592
KKR,0.23652537938252216,0.2774193548387096,0.2973412913727618,0.3121577217962759,0.2834394904458599,0.3039742212674543,0.3245283018867924,0.3239211507725095,0.3243389098758769,0.34777838727372457
CCS,0.2078431372549019,0.3267716535433072,0.34381139489194523,0.3474747474747475,0.28968253968253976,0.276,0.2903885480572599,0.2801635991820042,0.2689938398357288,0.30000000000000004
WPX,0.7329545454545454,0.8234086242299796,0.8434125269978403,0.9224043715846995,0.9600443951165372,0.9385113268608414,0.9816303099885189,0.9682365826944137,0.8598930481283424,0.9145161290322579
HBI,-0.07789934354485784,-0.12113289760348578,-0.10296067167476797,-0.07784166298098183,-0.06294642857142863,-0.02943840579710144,0.0,-0.013033707865168553,-0.0212389380530974,-0.022197802197802208
WING,0.7205641193834045,0.7458745874587458,0.7169190256747859,0.7792852415618796,0.6447926869082601,0.6425294888597641,0.6989354624085165,0.7277211443604077,0.7016806722689075,0.7202361953399299
GRUB,1.6705042597282986,1.7396571428571428,1.724707501720578,1.7079870729455218,1.5143361270401408,1.5001101564221195,1.3738719381177482,1.3090869846751567,1.1337526205450734,1.3234767025089607
IRBT,-0.22816114878340643,-0.21570742229630357,-0.19444727977952436,-0.17866417367819676,-0.21067017614901806,-0.19809679729868002,-0.23684210526315785,-0.24405058249527034,-0.2646245059288538,-0.2562883739354328
FRO,0.019677996422182487,0.016157989228007263,0.012939001848428777,0.10516605166051662,0.10805860805860812,0.09926470588235303,0.09357798165137621,0.15426497277676954,0.11091234347048307,0.09782608695652173
WIX,0.3609022556390975,0.46099290780141855,0.5058055152394774,0.5306859205776173,0.48225469728601267,0.5208480565371023,0.4612724757952975,0.40041208791208804,0.2657569850552306,0.3645761543762922
EGC,-0.6662409535972754,-0.6817021276595745,-0.6709138840070299,-0.6168024003429061,-0.6004454342984409,-0.5720419847328244,-0.5511534603811434,-0.5244608100999475,-0.5169445938676708,-0.5135135135135135
GSK,-0.04988452655889142,-0.038514442916093516,-0.04582086115588313,-0.05819260611592869,-0.06258565555047968,-0.05417242969110192,-0.06441999082989447,-0.07404891304347816,-0.09866787085120787,-0.09099160426594055
XRX,2.934379457917261,3.0028860028860027,-0.013673983447283211,-0.04421052631578948,-0.04376519624869735,-0.03812213201553116,-0.05129124820659969,-0.056131569538791615,-0.10513361462728554,-0.13429256594724226
D,-0.18974423585737688,-0.18089761220152523,-0.1729857819905214,-0.18225746499814144,-0.1671021525444818,-0.17169576059850367,-0.15866599292572015,-0.1519067528189536,-0.13407322362546248,-0.13922441195168467
EDIT,1.257481296758105,1.328125,1.399232245681382,1.4097051597051595,1.3418549346016646,1.4704819277108432,1.352454169130692,1.2445838084378562,1.0874651810584957,1.1007795100222713
COF,0.19163460345041594,0.202147583968036,0.19557467732022138,0.19825359734350023,0.17875932949957174,0.17828121152425513,0.17779426310583601,0.18186341584774235,0.18812877263581496,0.15960416925176824
EL,0.6103062913907285,0.6094071634417457,0.6199897488467454,0.610769230769231,0.5785721560240351,0.5772282328696547,0.5603616562211036,0.5688346327451785,0.50139189607176,0.523937823834197
VEEV,0.37076200067136633,0.4082428765264585,0.40329633366969375,0.3954385376488343,0.33392141138732967,0.37828142833849676,0.33910256410256423,0.3140862944162437,0.23393920401128177,0.2690518209529922
O,-0.06894100923951674,-0.06953467954345915,-0.06923212089263742,-0.06652549850008826,-0.05976520811099251,-0.04771230194053766,-0.03428365211115114,-0.018971178402042987,-0.01881331403762665,-0.033286118980169865
BHP,0.42708333333333304,0.4363947518539646,0.4107763615295481,0.41123919308357326,0.3646519621884847,0.4179281685960228,0.4220374220374221,0.44166175604007085,0.3946135831381734,0.4323131253678636
SEDG,1.6572164948453607,1.585858585858586,1.4585492227979273,1.4524421593830334,1.4936708860759493,1.573232323232323,1.5314861460957179,1.4120481927710844,1.2990654205607481,1.3743961352657004
NUE,0.1038188130269464,0.15936389781762816,0.22435897435897423,0.2154042243262928,0.1732974910394265,0.17370390165686778,0.15901375737001966,0.16754850088183426,0.1036521739130436,0.11740114962550097
VIAB,-0.20904748524866545,-0.17163323782234952,-0.15903890160183076,-0.1534074707727402,-0.1724527236804967,-0.11604793919906464,-0.12062481920740531,-0.1125439624853457,-0.12342421577250073,-0.1586719863208892
KRO,0.33851098018211023,0.3568306010928961,0.35780821917808225,0.38261851015801374,0.2971619365609348,0.3212874082439299,0.2759593679458239,0.25905292479108644,0.21177117711771176,0.22469410456062278
IGT,0.3665943600867678,0.4430939226519337,0.45273631840796025,0.42056074766355134,0.35105805751492136,0.3356681034482758,0.39966082532504243,0.38752783964365256,0.29101667563206024,0.2842872570194386
MUSA,0.05908958272541587,0.032403371113048696,0.013461263067449547,0.029915730337078505,0.06675862068965532,0.12533333333333352,0.14587798256893847,0.1325741599887531,0.08785458551363257,0.08171152518978597
PNC,0.17599547694047324,0.14414777768815035,0.1707733593559404,0.16317035344053532,0.14831569593666694,0.1492804293031953,0.15539932968200776,0.15402451142762508,0.15792555416143883,0.14107409868748966
ECA,0.3168724279835391,0.36559139784946226,0.3791146424517593,0.41296928327645066,0.399770904925544,0.4797619047619046,0.514285714285714,0.549757281553398,0.46335697399527187,0.5225653206650831
SGYP,-0.5600961538461539,-0.568019093078759,-0.5599022004889975,-0.5552825552825553,-0.5423728813559322,-0.5152941176470588,-0.5685840707964602,-0.5882352941176471,-0.620253164556962,-0.6166306695464363
VOD,-0.14832700931355636,-0.13444213444213438,-0.13587146349982537,-0.15230183454482527,-0.1507276507276507,-0.13779803646563815,-0.14290718038528905,-0.13495652173913042,-0.1493934142114386,-0.15609934004862802
ZS,,,,,,,,,,
DISCA,-0.07677760968229963,-0.029311001141987036,0.02877697841726623,0.026018099547511442,0.04237608777903912,0.10584084672677374,0.09225957779515248,0.10188087774294674,0.08956960062039565,0.05477099236641236
RACE,0.6323846241070417,0.6888712960868584,0.7007424328954883,0.67908667499716,0.6200712853642234,0.6138156411990086,0.5799506615833145,0.5603535071037027,0.5350975555057187,0.5427220533603512
SGMO,1.1156462585034017,1.0933333333333333,1.1506849315068495,1.1409395973154361,1.0691823899371067,1.2012195121951224,0.9785276073619631,0.7934782608695654,0.6774193548387095,0.6737967914438503
DVMT,0.3993950971028335,0.41402605758404376,0.4291026677445433,0.44188667095943335,0.4201372267432584,0.43339225453961117,0.4069804169298801,0.3967904342353681,0.35114743791260605,0.3524034672970844
ARRY,1.2691326530612246,1.3047375160051216,1.3530183727034122,1.3271276595744683,1.4579560155239326,1.3940119760479042,1.174638487208009,1.2111872146118725,1.0837927232635058,1.0748337028824833
PSTG,0.9865718799368086,1.0023659305993693,0.9034954407294833,0.8792452830188677,0.814540059347181,0.8868954758190328,0.8685847589424573,0.7909774436090224,0.7049666419570051,0.7290104947526237
SLCA,-0.2148227712137487,-0.18024263431542453,-0.17004405286343605,-0.17653993516062472,-0.1704511943379533,-0.16942637492607926,-0.16109896971589133,-0.1459876543209876,-0.20814880425155002,-0.19893742621015353
CI,0.0578204743320323,0.0429480697162572,0.046449067431850954,0.028684646321267993,0.018207447433337354,0.03620709989385529,0.028322952168292392,0.019920318725099584,0.024998526030304724,0.030726256983240274
ATUS,,,,,,,,-0.4760012228676246,-0.5107871720116617,-0.5008849557522124
WWE,1.9493307839388145,1.9932399806856589,2.0057553956834533,2.0573888091822092,2.195169082125604,2.3598014888337473,2.2649656526005892,2.322117763483424,2.2562469377756,2.2420058139534884
FCAU,0.9072727272727272,0.9494949494949494,0.9522471910112362,0.9632422243166823,0.9471698113207547,0.9262062440870387,0.7889822595704947,0.7587155963302754,0.7583025830258301,0.7688766114180481
CRC,2.225697379543533,2.4791859389454207,2.413826679649465,2.5222007722007724,2.7409274193548385,3.6000000000000005,3.8514357053682895,4.072446555819478,3.3824485373781146,3.4743040685224837
NVS,-0.06949048496009813,-0.06509166974283243,-0.05792417650714721,-0.08338488185079795,-0.0966355599214146,-0.0903186274509803,-0.10392441860465118,-0.13064628214037521,-0.14257586286773227,-0.14046647230320697
RYAM,0.04290030211480378,0.03860294117647056,0.04417177914110426,0.041717791411042926,0.03553615960099754,0.056230031948881765,0.06905710491367878,0.0889183808891838,0.06723796967699425,0.0725593667546176
XON,-0.25504828797190526,-0.29429301533219765,-0.2922874671340929,-0.27039007092198575,-0.27393162393162396,-0.2703862660944206,-0.34321503131524,-0.3867141162514828,-0.4376971608832807,-0.44385342789598103
LE,0.7292307692307693,0.84012539184953,0.8143322475570034,0.6276923076923075,0.6894409937888197,0.6830769230769231,0.687878787878788,0.7625,0.7099697885196374,0.8246753246753247
NOC,0.272642571528398,0.2422398521143032,0.24311784720074225,0.24683862485014907,0.20120947678646606,0.19956949569495674,0.20423373929079092,0.21476118182879844,0.21880341880341891,0.21187458487985955
JEC,0.19127272727272726,0.19710569701410496,0.19981412639405205,0.21701969528056475,0.195571955719557,0.22731524789522894,0.2297580491522193,0.2305355108241549,0.20242378337436095,0.19028944911297851
SRNE,3.65625,3.2,3.0,2.65,2.5,2.8000000000000003,2.2368421052631584,2.358974358974359,2.432432432432432,2.202380952380952
EDR,0.03481575603557818,0.02387604775209562,0.026985743380855354,0.02212051868802445,0.018631955079121854,0.020181634712411523,0.0027295285359800747,0.012146752602875344,0.024777006937561907,0.026126795443288664
ADP,0.37763816629037006,0.3809382716049381,0.3660565723793676,0.3430283119141948,0.3312842186149265,0.3445550351288056,0.3483902439024391,0.36483171425767846,0.3473030273148605,0.3391996869190883
AGNC,-0.12119794103883952,-0.12199630314232901,-0.1346153846153847,-0.14104308390022668,-0.1391659111514053,-0.13869940882219178,-0.1389521640091117,-0.14711191335740081,-0.1490319675821703,-0.15305206463195686
MNK,-0.5613994439295644,-0.5532621589561091,-0.5429184549356223,-0.5374100719424462,-0.5375802016498625,-0.5338259062572155,-0.5715230328410843,-0.5752700022040996,-0.5775043177892919,-0.5914792387543253
SORL,-0.33288590604026846,-0.3094233473980309,-0.34487534626038774,-0.34097421203438405,-0.2861538461538462,-0.31886227544910184,-0.3034055727554179,-0.3075780089153046,-0.3610315186246419,-0.34742857142857153
CC,0.21562881562881553,0.2859726168948593,0.3356737780178234,0.32561307901907344,0.24210526315789482,0.24163372859025012,0.26623200217332244,0.2768269491985873,0.30194444444444435,0.2516666666666667
ODP,-0.4822064056939501,-0.47950089126559714,-0.4601449275362318,-0.4354243542435424,-0.43933823529411775,-0.4481481481481482,-0.46382189239332094,-0.4736842105263158,-0.5017857142857143,-0.5
KEM,0.7192224622030237,0.814107274063189,0.8719467061435973,0.837345003646973,0.8058181818181818,0.8650442477876106,0.9083333333333334,0.9566227730441519,0.9468675654242666,0.8829707426856714
CCL,-0.0035903840149860144,-0.00864731315626932,-0.004885496183205995,-0.01812918951858622,-0.04297346200241248,-0.04109589041095896,-0.06066536203522521,-0.03288171715634036,-0.11903686982693762,-0.11143939393939384
XEC,-0.12299782479731058,-0.11239872833555542,-0.09394972305070293,-0.04156896184182468,-0.004066345639379465,0.011488139559621358,0.01570623916811087,0.06963757801379611,0.02344086021505376,0.04618689581095614
AZN,0.05820415326118744,0.061699650756693813,0.06742890647903832,0.04516502605674577,0.03752886836027702,0.04061059907834119,0.007740825688073327,-0.008484162895927572,-0.002851439977188508,-0.005689900426742445
AG,-0.07938388625592419,0.002515723270440251,-0.039897039897039854,-0.031290743155150014,-0.04922279792746109,-0.05154639175257725,-0.06717363751584271,-0.0625,-0.10965435041716343,-0.09498207885304644
QRVO,0.07702612190221036,0.15971163177596015,0.1875,0.19617958728388185,0.15249792989235456,0.17781541066892448,0.15524023602135428,0.16399489289260893,0.14898484415213042,0.21683481403403104
CNQ,0.11185983827493273,0.13642806520198447,0.1250450450450451,0.12420606916019761,0.10822206605762474,0.1468481375358166,0.12162162162162149,0.16865776528460996,0.15228070175438613,0.19237557359689395
HOG,-0.17489290370646304,-0.1713535808023997,-0.16305337948624532,-0.17877094972067042,-0.19368800721370605,-0.17708520987209508,-0.19156540385989995,-0.21376489418459887,-0.2515304285199855,-0.2510526315789473
