timestamp,open,close,daily_ret,intra_ret,ovrnt_ret,daily_vol,intra_vol,ovrnt_vol,daily_ann,intra_ann,ovrnt_ann,oc_diff,daily_dollar_vol,daily_dollar_std
2017-05-15,83.41,84.14,0.008593989393575691,0.00871387190885444,-0.0001198825152787704,0.006657870567515455,0.0075032197227300895,0.0034970268153324434,0.1056904186974142,0.22887422005693533,0.0650108477617119,0.730000000000004,0.5553995627421393,1.3143690578289635
2017-05-16,84.09,83.94,-0.002379820256930047,-0.0017853959393618157,-0.0005944243175681753,0.006715116770237658,0.007420527552001868,0.003431014636835145,0.10659917399284861,0.22635182210250757,0.06378366023547075,-0.15000000000000568,0.5650099250477966,0.2654820620846909
2017-05-17,82.89,82.66,-0.01536644882185854,-0.0027786185198486343,-0.012587830302009927,0.0077739840610609595,0.007316339495427672,0.004360827183541948,0.1234081711304836,0.22317372508964406,0.0810691730762235,-0.23000000000000398,0.6525482220854569,0.3524643730772183
2017-05-18,81.59,82.4,-0.0031503721681601245,0.009878731474717304,-0.013029103642877357,0.007642887229528574,0.0072671718449020435,0.005207047174653394,0.12132707344706425,0.22167394125258075,0.09680067355367511,0.8100000000000023,0.6317610583928319,1.2821303073991315
2017-05-19,82.45,83.23,0.01002242284257782,0.009415810752395826,0.000606612090181866,0.007689386984054685,0.007209333142891898,0.005216034673278888,0.1220652341660741,0.2199096602770983,0.09696775402967797,0.7800000000000011,0.6336054874861061,1.231049944176983
2017-05-22,83.26,83.99,0.009089884379531794,0.008729502370706204,0.0003603820088256998,0.007866293495608927,0.006828454896529096,0.004455100231745563,0.12487353797535708,0.208291553011912,0.08282173921552977,0.7299999999999898,0.6547116076395311,1.1149947419321007
2017-05-23,84.1,84.61,0.007354718798873837,0.006045895957507134,0.0013088228413665813,0.0074923283597344535,0.006532038293771891,0.004453416090941169,0.11893702548416307,0.19924981875981987,0.08279043049894695,0.5100000000000051,0.6292806589340967,0.8104491894981575
2017-05-24,84.8,84.7,0.0010631387215991831,-0.0011799411398486367,0.002243079861447879,0.007461481020071072,0.006530791695629254,0.004215104118804041,0.1184473391480196,0.19921179319370774,0.07836013466236004,-0.09999999999999432,0.6313159091082134,0.15839930303871588
2017-05-25,85.21,85.58,0.010336009330662073,0.004332813148806174,0.006003196181855865,0.007348512108085177,0.006265897346262814,0.0045088332589392766,0.11665401326604226,0.19113159697806584,0.08382065338895008,0.37000000000000455,0.6224189755548145,0.5944548841400479
2017-05-26,85.58,85.09,-0.005742091127204744,-0.005742091127204744,0.0,0.007513667010839449,0.0065314840724567695,0.004517135056074946,0.11927576606898742,0.19923291308786506,0.08397498645479028,-0.4899999999999949,0.64301962278764,0.7620296218577757
2017-05-30,85.11,84.86,-0.002706680087287269,-0.00294169771469092,0.00023501762740368683,0.007393859198042711,0.006451966142590425,0.004527978926696552,0.1173738760022909,0.19680734048686974,0.08417657748035463,-0.25,0.6291434791614543,0.39736563801505065
2017-05-31,84.99,84.28,-0.006858250838190493,-0.00838901357454654,0.0015307627363560828,0.007068437710240169,0.00625687835830908,0.004566418430203144,0.11220797003427793,0.1908564865708149,0.08489118015355869,-0.7099999999999937,0.5998276240909808,1.183673394628958
2017-06-01,84.61,86.08,0.021132507477486028,0.01722463347706473,0.003907874000421233,0.008300116509099486,0.006965304095037443,0.0046953414413938585,0.1317602648156329,0.21246592811106182,0.08728790019492452,1.4699999999999989,0.6995338193869047,2.101399473850109
2017-06-02,86.12,85.82,-0.00302501685009567,-0.0034895929327838013,0.0004645760826879836,0.008320962887634092,0.007009483068022222,0.004699390934388735,0.13209119081566623,0.213813539984159,0.08736318156578728,-0.30000000000001137,0.7162684853675426,0.41883735795812765
2017-06-05,85.59,85.95,0.0015136522654797034,0.004197277935339916,-0.002683625669860155,0.008321399843267055,0.0069728508477349006,0.004638822711620564,0.13209812727129894,0.21269613023780495,0.08623719891895283,0.35999999999999943,0.7141425345491786,0.5041010478773106
2017-06-06,85.88,86.0,0.0005815644246494651,0.0013963232429274324,-0.0008147588182780195,0.008017858354631284,0.006544454461914087,0.00463548386700802,0.1272795555221754,0.19962855494303894,0.08617512872896906,0.12000000000000455,0.6891349255805589,0.17413135736649982
2017-06-07,86.37,85.98,-0.00023258518537218827,-0.004525682224058713,0.004293097038686541,0.008024654541086886,0.006718946222019746,0.004779679443650345,0.1273874416375263,0.2049511587020041,0.08885577065024505,-0.39000000000000057,0.6901202905334722,0.5651188718107757
2017-06-08,85.9,85.94,-0.00046533272128648166,0.0004655493566392307,-0.0009308820779257813,0.007873176920966217,0.006555514737161274,0.00477903146944769,0.12498280896533909,0.199965931691203,0.08884372460242591,0.03999999999999204,0.6769357516646753,0.05908980269047204
2017-06-09,85.85,86.51,0.006610635845434045,0.007658426848798517,-0.0010477910033645612,0.007945093563469573,0.0065878807497248585,0.004662216550476491,0.12612445027248279,0.20095320730828276,0.0866720978707586,0.6600000000000108,0.6828013408445751,0.9666061861911976
2017-06-12,86.61,87.63,0.012863390875476338,0.011708122724805743,0.0011552681506703734,0.008286423348052917,0.006841076069494918,0.004671506221467003,0.13154289262288346,0.20867654255313592,0.086844795827741,1.019999999999996,0.7168584838400579,1.4228749788048454
2017-06-13,87.58,87.2,-0.004919074152825274,-0.004348330458318294,-0.0005707436945069276,0.008310975351118615,0.006884893702521387,0.004670739444310538,0.13193264358868545,0.21001313230450536,0.08683054119498623,-0.37999999999999545,0.7282907700185242,0.5217696223039187
2017-06-14,87.56,87.65,0.005147280452309516,0.0010273387125814175,0.004119941739728343,0.008282777008230175,0.006825659393721374,0.004783716640471583,0.1314850087726838,0.2082062804824609,0.08893082343130433,0.09000000000000341,0.7222581551176713,0.12460918490472493
2017-06-15,87.33,87.66,0.00011408362341951805,0.0037716485650215073,-0.003657564941602019,0.007212686644057208,0.006718677554671311,0.003910756869353183,0.11449785086887453,0.20494296341623341,0.07270222188514143,0.3299999999999983,0.6321919843516143,0.5219933314062046
2017-06-16,88.0,88.08,0.00477979742376135,0.0009086779362181122,0.0038711194875434576,0.007077159582891614,0.006514889593971517,0.002466921206691489,0.11234642547029292,0.1987267239502795,0.0458608547996258,0.0799999999999983,0.6203838090362789,0.1289524304708604
2017-06-19,88.08,88.99,0.010278511454346233,0.010278511454346233,0.0,0.0070901192862733095,0.00656703767318468,0.0024759801396830134,0.11255215438357169,0.20031742119738574,0.0460292632633566,0.9099999999999966,0.6244977067349531,1.457171083554059
2017-06-20,88.73,88.82,-0.0019121540048146677,0.0010137990167097457,-0.0029259530215243125,0.007047677965701158,0.0063973823566884705,0.0026245132487808464,0.11187841930628921,0.19514234573958558,0.04879054130125892,0.0899999999999892,0.627172862167746,0.14350110699770274
2017-06-21,88.97,88.79,-0.0003378188197206586,-0.00202520321244046,0.001687384392719944,0.00699549156250763,0.006381326926599259,0.002629545973846782,0.11104998583827506,0.19465259944730856,0.04888410127101768,-0.1799999999999926,0.6213395605819276,0.2896966673607747
2017-06-22,88.97,89.09,0.0033730636883169416,0.0013478604758764348,0.002025203212440577,0.0069911328366236225,0.006349006487216793,0.002623889956369197,0.11098079320994196,0.1936667139702846,0.048778954095834264,0.12000000000000455,0.6207426845638115,0.1933168170710334
2017-06-23,89.44,89.2,0.0012339448534113184,-0.0026869698208252975,0.003920914674236653,0.0067480370299227875,0.00638932505017493,0.0024430255935308735,0.10712176691418374,0.1948965699510318,0.0454166277028971,-0.23999999999999488,0.6011826189958211,0.3992131382655012
2017-06-26,89.22,89.15,-0.0005606952768141969,-0.0007848853909692248,0.00022419011415498,0.006528150660903187,0.006193170533845708,0.0024400171430772025,0.10363117901947069,0.18891317700846702,0.0453606996460733,-0.06999999999999318,0.5823110389525643,0.1202106697580491
2017-06-27,89.15,88.79,-0.004046313264913991,-0.004046313264913991,0.0,0.006589142639518918,0.006240459449826991,0.0024431420167224495,0.10459939666379264,0.19035565292714052,0.04541879204729112,-0.35999999999999943,0.5874220663131116,0.6128472535250487
2017-06-28,89.13,89.3,0.005727456838217845,0.0019055097398273698,0.003821947098390402,0.006265151618252462,0.0057868884341631755,0.0025347423288928986,0.09945619864805937,0.17652016412544572,0.047121671168300155,0.1700000000000017,0.5562828121846362,0.3055999507379655
2017-06-29,89.38,88.71,-0.006628865349957852,-0.007524320972809974,0.0008954556228521659,0.004948329637905182,0.004957917108781876,0.0024303896136359093,0.07855229776240444,0.15123366412179468,0.04518172079235531,-0.6700000000000017,0.44188583666493275,1.5162287278920874
2017-06-30,88.75,88.75,0.0004508058230297678,0.0,0.0004508058230297678,0.004840732428713637,0.004858968781375286,0.002430459497710301,0.07684424501869191,0.1482153970180717,0.04518301995966548,0.0,0.4294213737511867,0.0
2017-07-03,88.8,88.81,0.0006758279148875241,0.00011260627228848635,0.000563221642599069,0.004845857213501534,0.004802440943702568,0.0022979637877745098,0.07692559845512092,0.14649110195049492,0.04271988230514428,0.010000000000005116,0.43006982769826113,0.023252038055134525
2017-07-05,88.52,88.9,0.001012886249446124,0.004283627337009997,-0.003270741087563847,0.004841872526193865,0.004864851694202568,0.0024522756834327044,0.07686234350511024,0.14839484625916594,0.04558858983477253,0.38000000000000966,0.43000669905127714,0.8837071627916562
2017-07-06,88.7,87.26,-0.018619974824395327,-0.016367721620070275,-0.0022522532043251315,0.006633872086758019,0.006121716236358355,0.002387818185601301,0.10530945462584893,0.18673357315685762,0.04439030431970424,-1.4399999999999977,0.5897512285127879,2.441707503740746
2017-07-07,87.65,87.96,0.007989997991096804,0.003530554319316751,0.004459443671779918,0.006819905048737552,0.006163381798619565,0.0025292398259731215,0.1082626363442004,0.188004517287266,0.04701937787788053,0.30999999999998806,0.5951049145528389,0.5209165517191564
2017-07-10,87.86,87.2,-0.00867783477162635,-0.007540307632699469,-0.0011375271389268118,0.007030564155749022,0.006169753560163762,0.0025325315028074903,0.11160674599558015,0.18819887810938066,0.04708057120377145,-0.6599999999999966,0.6184084231396839,1.0672558382195874
2017-07-11,87.05,87.26,0.000687836780529581,0.002409501481265533,-0.0017216647007359553,0.006392489627679341,0.005537428255539179,0.002584626784464338,0.10147762688039648,0.1689107636376966,0.04804903916348164,0.21000000000000796,0.5574250955336386,0.37673223125874716
2017-07-12,87.75,87.81,0.006283221676440591,0.0006835270259289343,0.005599694650511498,0.006448833101130866,0.00547869809078867,0.00280574420899194,0.10237205179292232,0.1671192899573554,0.05215968285668969,0.060000000000002274,0.5627251764046795,0.10662398363504841
2017-07-13,87.93,87.81,0.0,-0.0013656540190065865,0.0013656540190065856,0.0063491835256025125,0.005470052306754283,0.0027016173598270322,0.10079016382231529,0.16685556356378378,0.05022393140368774,-0.12000000000000455,0.5575218053831567,0.21523821820302544
2017-07-14,87.81,88.57,0.008617810449587404,0.008617810449587404,0.0,0.0066293509239105704,0.005773062367072478,0.002508283487245682,0.10523768339066189,0.17609842113526616,0.046629792833614035,0.7599999999999909,0.5821233046285872,1.305565322599298
2017-07-17,88.57,86.06,-0.02874847241103794,-0.02874847241103794,0.0,0.009225436447509804,0.00856372013558368,0.002412768848176536,0.14644926345685275,0.26122316008952284,0.044854145122731726,-2.509999999999991,0.8170969061559432,3.071851063306996
2017-07-18,86.0,85.85,-0.002443140066969136,-0.0017457089100232873,-0.0006974311569458566,0.008825139883642141,0.008075962119155428,0.0024281852655489667,0.14009475250484762,0.2463448492160789,0.04514074125589144,-0.15000000000000568,0.7594915383862427,0.19750055454037532
2017-07-19,85.98,85.65,-0.0023323625733554483,-0.003845486298006579,0.0015131237246509596,0.008825930838345543,0.008039391865194433,0.0022825903820182557,0.14010730852150874,0.24522932965755515,0.04243408577169567,-0.3299999999999983,0.7577061624719649,0.43552503113264346
2017-07-20,85.91,85.67,0.00023348120582366975,-0.002797530674012465,0.0030310118798361906,0.008831893088773328,0.008037887788836174,0.0023271778128939927,0.14020195631282598,0.2451834501130231,0.043262980382408806,-0.23999999999999488,0.7564516430534356,0.3172707762669785
2017-07-21,85.67,85.17,-0.005853446822963087,-0.005853446822963087,0.0,0.008788954733005281,0.008006925589001573,0.0023215061317809226,0.13952033104641637,0.24423899565210364,0.04315754201522839,-0.5,0.7529497519765624,0.6640549368499743
2017-07-24,85.21,85.09,-0.000939739291523473,-0.0014092779783985098,0.00046953868687499414,0.008756987938659139,0.008015387892616023,0.002205689321372929,0.13901287391810535,0.24449712525662196,0.04100447044120749,-0.11999999999999034,0.7458326627355989,0.16089399941248067
2017-07-25,85.4,85.93,0.009823491463665724,0.006186910530607492,0.0036365809330583436,0.00916742155964882,0.008265602584557427,0.0022997146732483755,0.14552830566313596,0.25212954101693746,0.04275243182649499,0.5300000000000011,0.7800559005105182,0.6794384859509881
2017-07-26,85.82,85.74,-0.002213550155300713,-0.0009326183935476006,-0.001280931761753217,0.009153349090546608,0.00826775153626248,0.0023416863867325856,0.1453049121416734,0.2521950914957464,0.04353269941370844,-0.0799999999999983,0.7865472873506701,0.10171035014240855
2017-07-27,85.86,84.68,-0.01244001490316648,-0.013838616529750065,0.001398601626583598,0.009273152911087795,0.008568270343685486,0.002235887512510802,0.14720673883327776,0.26136195721514116,0.041565864479747826,-1.1799999999999926,0.7950801305966675,1.484127139631149
2017-07-28,84.57,84.29,-0.00461621225727362,-0.0033163597847398712,-0.0012998524725337161,0.009238627656756208,0.008510738627214192,0.002276774396961013,0.14665866741180195,0.259607040363111,0.04232596474800691,-0.2799999999999869,0.7823269899741158,0.3579066088583382
2017-07-31,84.5,83.97,-0.003803641813919035,-0.006291942167656341,0.0024883003537371894,0.009214713080104613,0.008506529029559106,0.0023177248782469506,0.1462790352766249,0.25947863303723423,0.043087247301797055,-0.5300000000000011,0.7767081655220179,0.6823669732425091
2017-08-01,83.54,83.68,-0.0034595918788589528,0.001674441247583413,-0.00513403312644252,0.009179695795863162,0.00854765272694299,0.002653821996334437,0.14572315312247444,0.2607330484098883,0.04933540029889054,0.14000000000000057,0.7708190559786297,0.18162498567482477
2017-08-02,83.52,83.2,-0.005752652489449922,-0.0038387763071656015,-0.0019138761822842757,0.009149614537370464,0.008357548122391768,0.0025722531419060347,0.14524562794790127,0.254934198755508,0.04781900918799253,-0.3199999999999932,0.7656397444871605,0.4179511347263392
2017-08-03,82.96,83.29,0.0010811461200862372,0.003969930025977287,-0.0028887839058911206,0.008448610153763907,0.007968372511557895,0.0026107874455631084,0.13411752834596682,0.2430629931016271,0.04853537422633595,0.3300000000000125,0.702924364793157,0.4694672948164466
2017-08-04,83.54,83.68,0.0046715063693635525,0.001674441247583413,0.0029970651217801733,0.008265914237598728,0.007902245226402278,0.0025094594374565115,0.13121732058764582,0.24104588159833135,0.04665165412441009,0.14000000000000057,0.6884679968495981,0.2033500477010332
2017-08-07,83.77,84.37,0.00821188786092263,0.007136940011817419,0.0010749478491052413,0.008461361619337773,0.008118908463157808,0.002490460959409148,0.13431995158652713,0.24765486163089132,0.04629846633682261,0.6000000000000085,0.7080467403061849,0.8474016838783086
2017-08-08,84.29,83.83,-0.006420949527769456,-0.005472295359624898,-0.0009486541681444966,0.008507189768390057,0.008080642153978473,0.0024611051844879803,0.1350474508991596,0.2464876065068882,0.045752733085376064,-0.46000000000000796,0.7177516007590691,0.6408902460315351
2017-08-09,83.75,83.95,0.00143044487378384,0.002385212818373947,-0.0009547679445901301,0.008325619533490496,0.008124496542316033,0.002160154288616398,0.13216511277694468,0.24782531742270034,0.04015795960823924,0.20000000000000284,0.6979366854925083,0.2865589446109573
2017-08-10,83.58,83.04,-0.01089896410597125,-0.006481837602190694,-0.004417126503780591,0.008525058140719584,0.00817094064403966,0.0023651513812421357,0.1353311025162642,0.2492420235769981,0.043968921171889254,-0.539999999999992,0.7156786309134091,0.7545286063813289
2017-08-11,83.32,83.71,0.008036025254386398,0.004669828279193877,0.0033661969751924907,0.008484972437045584,0.007928586188979646,0.002492458561131256,0.13469476169796163,0.24184937229808798,0.04633560239219259,0.39000000000000057,0.7045921111722654,0.5535117322717933
2017-08-14,84.05,84.47,0.009037997067440351,0.004984581884780803,0.004053415182659746,0.006345189908110638,0.0052701650811572825,0.0026503723278928143,0.10072676711002518,0.1607583100448355,0.049271269858453696,0.4200000000000017,0.5311558472079415,0.7907283751233495
2017-08-15,84.58,84.59,0.001419614576517895,0.00011822427158077401,0.001301390304937134,0.0063555651871904945,0.005275685868736765,0.0026514574217855304,0.10089146955939433,0.1609267132101495,0.04929144210121639,0.010000000000005116,0.5368545913619811,0.01862701774541123
2017-08-16,84.83,84.6,0.00011821029625431125,-0.002714987207465851,0.0028331975037201385,0.006346851948116552,0.005250309740751006,0.0026986119866475263,0.10075315117717332,0.16015265331114226,0.050168060554375594,-0.23000000000000398,0.5368802062911792,0.4284009678599746
2017-08-17,84.48,83.67,-0.01105377630467025,-0.009634329650444117,-0.001419446654226143,0.006755919924421514,0.005584904998910835,0.0026525250079576512,0.10724690398491367,0.17035896894309546,0.04931128886984966,-0.8100000000000023,0.5715508256060601,1.4171967980994444
2017-08-18,83.32,83.41,-0.003112284053986858,0.0010795898607491544,-0.004191873914736136,0.006683560483309092,0.005505210586077891,0.0028264196635674234,0.10609823346776712,0.16792801299963833,0.052544046174671045,0.09000000000000341,0.5592135056384717,0.1609403190240328
2017-08-21,83.33,83.52,0.0013179178808080583,0.0022774957402130623,-0.0009595778594050098,0.006704447881976052,0.005552397130052036,0.002830881263835714,0.10642981064221414,0.16936736621710416,0.05262698875164636,0.18999999999999773,0.5592179978356224,0.33976016640266765
2017-08-22,81.46,81.76,-0.021297997678934127,0.0036760242351278876,-0.024974021914062138,0.0076253054886897785,0.005412288028588323,0.006135954506632309,0.121047971963814,0.16509355277362456,0.11406935816291175,0.30000000000001137,0.6368655144153703,0.4710570649682693
2017-08-23,81.32,79.75,-0.02489138479044043,-0.019495247095191817,-0.0053961376952486005,0.009121740335241348,0.00681906628367351,0.006195397336242132,0.14480313870693334,0.20800516776342604,0.11517441939073714,-1.5699999999999932,0.7457934898093327,2.1051403926861503
2017-08-24,79.69,79.24,-0.00641551983460389,-0.0056628855793066125,-0.0007526342552972511,0.008912256541871064,0.0062883372124413655,0.006156421077397803,0.14147768658119605,0.19181609071003525,0.11444983826400967,-0.45000000000000284,0.7107524592142174,0.6331318227129412
2017-08-25,79.42,79.06,-0.0022741639618106815,-0.004543167834565931,0.002269003872755399,0.008909713646945327,0.006313300547180957,0.006224756249586544,0.14143731937569404,0.1925775589836133,0.11572021098647628,-0.35999999999999943,0.7060057093839477,0.5099108905424168
2017-08-28,79.57,79.59,0.006681398949218441,0.00025131942831463193,0.006430079520903855,0.009176964028471273,0.006222121048431983,0.00642287505020393,0.14567978765952275,0.18979626809349923,0.11940330290021256,0.020000000000010232,0.7255307760909389,0.027566025672635847
2017-08-29,79.36,79.72,0.0016320385268359687,0.004526032367976709,-0.002893993841140648,0.00922465714030761,0.006323240051473097,0.006375179786773957,0.14643689233854118,0.19288074833121097,0.1185166326876177,0.35999999999999943,0.7341904617970827,0.49033598055581534
2017-08-30,79.7,79.86,0.0017546062904813895,0.00200551583890597,-0.0002509095484245167,0.009234814541077711,0.006322848825446859,0.006378546787457525,0.1465981360769682,0.19286881458077712,0.11857922630797352,0.1599999999999966,0.7361994152147151,0.21733241930561983
2017-08-31,80.0,80.62,0.009471656053944476,0.0077201230151382584,0.0017515330388062744,0.009569016214754244,0.006523018293038182,0.0064015360335761586,0.1519034231747062,0.1989746774592677,0.1190066037512983,0.6200000000000045,0.7641816349102739,0.8113254384512939
2017-09-01,80.7,80.05,-0.007095318246296143,-0.008087135833179465,0.000991817586883267,0.00952286627186421,0.006708415491571814,0.00635024381665272,0.15117081554326503,0.2046299349064915,0.11805306502201253,-0.6500000000000057,0.7677334788376926,0.846647981255254
2017-09-05,79.88,79.82,-0.0028773398221359483,-0.0007514089270266585,-0.002125930895109285,0.009201061046912101,0.006426916722141387,0.00633140906138348,0.14606231596831815,0.19604324630063877,0.11770292089327178,-0.060000000000002274,0.7365449368053136,0.08146142482527403
2017-09-06,79.92,79.87,0.0006262133087098991,-0.0006258214110005023,0.0012520347197103336,0.009188892897017239,0.006358576008314284,0.006357170986262548,0.1458691525770928,0.19395861754747448,0.11818184332218158,-0.04999999999999716,0.7334574310399159,0.06817028212408428
2017-09-07,79.92,79.95,0.0010011263506656152,0.00037530493966524776,0.0006258214110003902,0.009179922793222125,0.006314408176081995,0.006370248602889383,0.14572675659383494,0.19261134550596049,0.11842496040091989,0.030000000000001137,0.7332004334946511,0.040916506086899354
2017-09-08,79.9,82.03,0.025683594734695166,0.02630918124242947,-0.0006255865077341985,0.010891063345059904,0.00870644590442886,0.0063233756890759005,0.1728902707444785,0.26557679096181475,0.1175535779308983,2.1299999999999955,0.8707405144375393,2.446193745074425
2017-09-11,82.25,81.56,-0.005746088308404124,-0.008424443939226789,0.0026783556308226887,0.010750193994941214,0.00885353199620304,0.006300575723885877,0.17065403913788646,0.27006342680349965,0.11712971928061795,-0.6899999999999977,0.8818384134050278,0.7824562748811456
2017-09-12,81.5,82.3,0.00903216197676964,0.009768087436207048,-0.0007359254594373759,0.010749898707762919,0.009066728390759208,0.006189632150545435,0.17064935159925174,0.27656665612719583,0.11506724274341985,0.7999999999999972,0.8767617386051436,0.912448576135099
2017-09-13,82.13,81.93,-0.00450588352930063,-0.0024381335983774646,-0.002067749930923181,0.010752617600512845,0.00908162117654868,0.00616348713463553,0.1706925126835983,0.27702093773669134,0.11458119852963398,-0.19999999999998863,0.8849404285222071,0.22600391343175
2017-09-14,81.88,81.8,-0.0015879805450220714,-0.0009775171843873533,-0.0006104633606346628,0.010745054315092739,0.009064787339950803,0.006087278441789678,0.1705724492497011,0.27650744734666144,0.11316445453813853,-0.0799999999999983,0.8803423000355481,0.09087374308467047
2017-09-15,81.63,82.12,0.003904348542031646,0.005984750687468295,-0.0020804021454367324,0.01057773963431174,0.008873904497937261,0.006088324833759485,0.167916411033481,0.2706848587510279,0.11318390729976732,0.4900000000000091,0.8652591020867002,0.5663043576407364
2017-09-18,82.37,82.4,0.003403844764693294,0.00036414396226875517,0.0030397008024245307,0.01060745575174799,0.008873516775410602,0.006139772785693279,0.16838813977348127,0.2706730318694801,0.11414034119274043,0.030000000000001137,0.871084266333545,0.034439836832633026
2017-09-19,82.65,81.19,-0.01479335004107098,-0.01782273739267816,0.0030293873516072517,0.011055705593163583,0.009768197471024158,0.006213089851118665,0.17550388540714007,0.2979638955220832,0.11550332890498996,-1.460000000000008,0.9109901408766793,1.6026518120108262
2017-09-20,81.19,80.16,-0.012767449537800454,-0.012767449537800454,0.0,0.010392924748611618,0.010094308748069155,0.0026119392328589697,0.16498256567660893,0.30791142031058655,0.04855678632080912,-1.0300000000000011,0.8438015603397773,1.220666147601394
2017-09-21,80.14,79.53,-0.007890328367510722,-0.007640796238954671,-0.0002495321285560947,0.008926805523179529,0.009279556611690469,0.002258452057543872,0.14170864449942522,0.2830586548786363,0.0419853465939614,-0.6099999999999994,0.715572730738071,0.8524640107104423
2017-09-22,79.48,79.7,0.0021352768271254447,0.0027641681125532215,-0.0006288912854276908,0.008814390405989806,0.009229801836914143,0.0022550536473090886,0.13992410983729608,0.2815409617159874,0.0419221690599955,0.21999999999999886,0.7010084689883693,0.3138335836619528
2017-09-25,79.49,78.27,-0.018105197979422685,-0.015466839768274447,-0.0026383582111482334,0.009720934965010664,0.009805561389576245,0.002317404650756074,0.15431505857070352,0.29910362460278356,0.04308129417024907,-1.2199999999999989,0.77475851671135,1.5746842063493334
2017-09-26,78.25,78.37,0.0012768132480266514,0.0015323716445105817,-0.0002555583964841482,0.009584900381138534,0.00981660160728536,0.0018033792602256563,0.15215557649892464,0.29944038952648394,0.03352539764039913,0.12000000000000455,0.750210152831713,0.15995517995465322
2017-09-27,78.67,77.84,-0.006785763187023658,-0.010606450463401444,0.0038206872763779376,0.009658301202941404,0.009975892297156185,0.0018773513422916976,0.1533207784220336,0.3042993079313485,0.03490056232164425,-0.8299999999999983,0.7569210652745179,1.0965476297042631
2017-09-28,77.7,77.71,-0.0016714886565989333,0.00012869184754898437,-0.0018001805041478545,0.009633616552942361,0.009950577887201828,0.0019301546346153738,0.15292892175144476,0.30352713064631537,0.035882192426257946,0.009999999999990905,0.7498807124810335,0.01333545433767085
2017-09-29,77.66,77.77,0.0007718034857011505,0.0014154284033307597,-0.0006436249176295205,0.009309533681951431,0.009739637641107737,0.0019008493578813435,0.1477842656665378,0.2970927216742379,0.03533739795227283,0.10999999999999943,0.7234438624244457,0.15205049861278974
2017-10-02,78.06,78.05,0.0035938942545892623,-0.00012811479102792928,0.0037220090456169933,0.009296326529369004,0.009633328747402681,0.0020632362357296875,0.14757460861897548,0.2938499317745697,0.03835622198530925,-0.010000000000005116,0.7229753141890274,0.013831730909404937
2017-10-03,78.18,78.11,0.0007684426607648155,-0.0008957707426029576,0.001664213403367723,0.009298792701004897,0.00963283152727089,0.002013234463370507,0.1476137578800093,0.2938347648363664,0.03742667303349504,-0.07000000000000739,0.7257707703134322,0.09644918597338539
2017-10-04,78.25,78.63,0.006635216381218734,0.004844476583161979,0.0017907397980565878,0.00945272174314208,0.009734814079126611,0.0020291297731670817,0.15005730567028153,0.2969455863074057,0.03772217193009476,0.37999999999999545,0.7383520953568279,0.5146596080510214
2017-10-05,79.37,79.51,0.01112949390996751,0.001762336810607992,0.009367157099359714,0.009817565009764679,0.009751434449075419,0.002853788498800718,0.1558490129762805,0.29745256522441216,0.05305284158137654,0.14000000000000057,0.7719551367177967,0.1813576895093326
2017-10-06,79.57,79.81,0.0037660099745254237,0.0030116724984741265,0.0007543374760511395,0.007778947005037982,0.007414553814541286,0.002833127031746702,0.12348695542368728,0.22616960239514997,0.05266873829589614,0.2400000000000091,0.6185040763705699,0.3880330125038913
2017-10-09,77.8,76.93,-0.036752892417074204,-0.011245513713502488,-0.02550737870357164,0.011084232105634601,0.007562953689219318,0.006518840335106973,0.17595672975376184,0.2306963131711371,0.12118732826138152,-0.8699999999999903,0.8846325643506976,0.9834591615317176
2017-10-10,76.95,77.29,0.004668663647936335,0.0044087208338914165,0.00025994281404498234,0.0108775642708331,0.00719431735554375,0.006520758522667985,0.17267597958447614,0.2194516266935372,0.1212229879820793,0.3400000000000034,0.8368110193551904,0.406304401036679
2017-10-11,77.08,78.24,0.012216444607782198,0.014937182180396193,-0.0027207375726140937,0.011397346272501876,0.00820435443670921,0.006530902812212252,0.1809272630587738,0.2502612601206408,0.12141157357150674,1.1599999999999966,0.8809008934016701,1.3168337195351938
2017-10-12,77.72,77.92,-0.0040983663922821365,0.002570034825040338,-0.006668401217322481,0.011402865406551067,0.008261673075259015,0.0066759301445983195,0.18101487659565332,0.25200967735718666,0.12410767809827215,0.20000000000000284,0.8921601894085555,0.22417498827490825
2017-10-13,77.89,78.07,0.0019232007979198744,0.002308285200342277,-0.0003850844024225386,0.011353442931249359,0.00812276735698143,0.006669406166076295,0.18023031912270002,0.24777257127379146,0.12398639524947144,0.1799999999999926,0.88466027320295,0.20346793616977393
2017-10-16,78.03,77.73,-0.004364576890071099,-0.0038520848865415316,-0.0005124920035295996,0.011272391176266517,0.008117636758104391,0.006611552401498456,0.17894366240064036,0.2476160702169385,0.12291087524918963,-0.29999999999999716,0.8800355791311268,0.34089530822855135
2017-10-17,77.76,78.0,0.003467543447463318,0.0030816665374081144,0.00038587691005540105,0.010995976613355454,0.007280800398149971,0.006555468343744562,0.17455571724732463,0.22208965938564762,0.12186825466518052,0.23999999999999488,0.8547172621561195,0.2807946096637479
2017-10-18,78.0,78.59,0.007535638188491928,0.007535638188491928,0.0,0.010886658260126783,0.006960926946966659,0.006555468343744562,0.17282034218905556,0.2123324099165007,0.12186825466518052,0.5900000000000034,0.8491593442898892,0.6948048136871082
2017-10-19,78.57,78.48,-0.0014006496209759314,-0.0011461319306224611,-0.00025451769035344336,0.010766181630128803,0.0067323114215077345,0.006555437908341975,0.17090783497843676,0.20535884363217508,0.12186768886130522,-0.0899999999999892,0.8461142143118227,0.10636861841777434
2017-10-20,78.77,78.34,-0.0017854870194224171,-0.005473885477547571,0.003688398458125272,0.010748198672952082,0.006828035621893096,0.006639281076648745,0.170622364383274,0.20827876368161774,0.12342636019512307,-0.4299999999999926,0.8435186318532795,0.5097694155910314
2017-10-23,78.72,79.02,0.008642656745559267,0.0038037322392465555,0.004838924506312668,0.01013621198933133,0.005826257120024185,0.006739878620991481,0.16090737696001192,0.17772104556089252,0.1252965007418852,0.29999999999999716,0.7940708472442164,0.377800042705424
2017-10-24,79.11,78.66,-0.004566217979581195,-0.005704522029641585,0.0011383040500602814,0.010195970266252742,0.006006819684373361,0.006748899336232718,0.16185601019708268,0.1832288299006881,0.12546419872540612,-0.45000000000000284,0.8056855704392917,0.5585305440615562
2017-10-25,78.58,79.23,0.007220247973487097,0.008237800846836944,-0.0010175528733498034,0.010172983189482905,0.005633066480432477,0.006677755121799568,0.16149110166607464,0.17182806113649873,0.12414160500854884,0.6500000000000057,0.8002068576847253,0.8122899644732864
2017-10-26,78.9,80.44,0.015156549927300778,0.019330337052622677,-0.004173787125321968,0.010635801563592838,0.006887331415121571,0.006721252220994289,0.16883811558659145,0.21008749099193655,0.12495023000433839,1.539999999999992,0.8426745578834606,1.8275145316692587
2017-10-27,80.89,81.3,0.010634451649313623,0.005055809523903727,0.005578642125410017,0.010816323289075537,0.006906903377576386,0.006867091707987004,0.1717038091378204,0.21068450371545566,0.12766143274518102,0.4099999999999966,0.8700650453732361,0.47122913646544307
2017-10-30,81.04,80.53,-0.00951623074631136,-0.0063130741329745005,-0.003203156613336812,0.011121598555098634,0.0071699729725106,0.0068226220264876875,0.1765499037497176,0.21870903859331134,0.12683472713306262,-0.5100000000000051,0.9041859625295189,0.5640432622657037
2017-10-31,80.47,80.52,-0.00012418503586290096,0.0006211566135492722,-0.0007453416494121383,0.011126749098251827,0.007142214406894516,0.006799002240216681,0.17663166608751915,0.21786230608512766,0.1263956277464934,0.04999999999999716,0.8960371048822197,0.05580126060356557
2017-11-01,80.42,80.31,-0.0026114545712198813,-0.0013687552687571658,-0.001242699302462693,0.011095051643452113,0.007164864930408086,0.006770313244142641,0.17612848459195662,0.21855322559630028,0.1258622901272254,-0.10999999999999943,0.893373558330764,0.12312878411750895
2017-11-02,80.3,77.87,-0.030853376611476135,-0.03072885136382119,-0.00012452524765493435,0.012911838115493235,0.010256648181627697,0.00632160604441311,0.20496907573391987,0.3128633359698919,0.11752067967022138,-2.4299999999999926,1.0369497190552617,2.34341159975809
2017-11-03,77.62,78.43,0.007165737635680503,0.010381381283814786,-0.0032156436481344227,0.013000543484430784,0.010483273225506441,0.006309558117615241,0.2063772298109098,0.31977618566373556,0.1172967048549679,0.8100000000000023,1.012352321132625,0.8001167015587716
2017-11-06,78.46,77.69,-0.009479958262245848,-0.009862391819076992,0.0003824335568312182,0.010158591450454618,0.01040373711038011,0.0029030254960364823,0.1612626398916591,0.3173500583492506,0.05396817311887114,-0.769999999999996,0.7967383274591557,0.9664402645917264
2017-11-07,77.9,78.01,0.004110474637892526,0.0014110707235190818,0.002699403914373323,0.010147271768874177,0.010371937350884472,0.002982357962894829,0.16108294551736538,0.3163800554143087,0.0554429890690596,0.10999999999999943,0.7883415437238348,0.13953343049815692
2017-11-08,78.16,77.81,-0.002567065971383071,-0.004488050105688507,0.0019209841343054764,0.009777805122942428,0.009869990512593687,0.002962771398447879,0.155217844340154,0.3010689362722389,0.05507886856707982,-0.3499999999999943,0.7627665776407389,0.4588559727964948
2017-11-09,80.14,80.81,0.03783076261651747,0.008325615037357785,0.029505147579159705,0.0129087461497952,0.01003840006156863,0.00699900289854781,0.2049199923001238,0.30620601150075905,0.1301137039974389,0.6700000000000017,1.0044295379155646,0.6670452975630472
2017-11-10,80.4,79.33,-0.018484352931444722,-0.01339780887100918,-0.005086544060435542,0.013683544398940315,0.010458622048340083,0.007152228763328365,0.21721953320104126,0.31902423927859325,0.13296222186545484,-1.0700000000000074,1.1057672228783668,0.9676539310097694
2017-11-13,79.28,79.2,-0.0016400684935312995,-0.0010095912013523254,-0.0006304772921789612,0.013642918789511077,0.010433210302702679,0.0071540488787860245,0.21657462164458002,0.31824909291770137,0.13299605839436215,-0.0799999999999983,1.0822927475719137,0.0739171542814784
2017-11-14,78.94,79.16,-0.0005051780860152519,0.002783050499663972,-0.0032882285856791664,0.013633049144108528,0.01042789847346155,0.007231516854905195,0.2164179458809988,0.3180870637063008,0.13443621286495708,0.21999999999999886,1.0797374922133955,0.20375322852688238
2017-11-15,79.0,78.68,-0.006082127213506555,-0.004058858946163061,-0.002023268267343487,0.013615737310889494,0.010272920667712975,0.007265299862108371,0.21614312904838165,0.31335970322272244,0.13506424978151407,-0.3199999999999932,1.0778217655300122,0.2968950992028215
2017-11-16,79.02,79.26,0.007344594241430583,0.003032602779044422,0.004311991462386157,0.013706575660407108,0.010316052100565274,0.007287669436259202,0.21758514314236868,0.31467536148928005,0.13548010732462407,0.2400000000000091,1.0784333729608313,0.22254504174058595
2017-11-17,78.83,79.49,0.002897639822732218,0.008337592513204293,-0.005439952690472204,0.013705577760515909,0.01046004484077542,0.007425676624079888,0.21756930197269597,0.3190676393816122,0.13804570511703898,0.6599999999999966,1.086304093298491,0.6075646810792639
2017-11-20,79.38,78.9,-0.007449999733192582,-0.006065219503090679,-0.001384780230101956,0.013688882043328139,0.010489966905869896,0.007387047080111196,0.21730426567886374,0.3199803661261383,0.1373275695308198,-0.47999999999998977,1.0881292336241537,0.4411240734717588
2017-11-21,83.6,82.66,0.04655458123175768,-0.011307711007069602,0.0578622922388272,0.01714321308345539,0.010701272787081611,0.014767455933074365,0.2721400709484704,0.3264259282371966,0.2745317322943148,-0.9399999999999977,1.3525995122846304,0.6949581095236943
2017-11-22,82.76,82.34,-0.0038787927418275766,-0.005087836535583652,0.0012090437937559786,0.01716132640764122,0.010505331976635618,0.014739701385554865,0.27242761105574487,0.32044905406512675,0.27401576637275704,-0.4200000000000017,1.4185552408556232,0.2960758861577166
2017-11-24,82.69,83.25,0.010991112518794439,0.00674945312647781,0.004241659392316528,0.017016965420400397,0.00950780017738132,0.014624401055899584,0.2701359514281909,0.29002087510021074,0.27187229634123483,0.5600000000000023,1.4011769327157688,0.39966401596021656
2017-11-27,83.26,81.41,-0.02235001327466692,-0.022470126180943135,0.00012011290627624348,0.017692185658891583,0.010335638409011992,0.01464561186429795,0.28085474041566333,0.31527281181529904,0.27226661205812985,-1.8500000000000085,1.4728744561027243,1.256047310980714
2017-11-28,81.67,82.46,0.012815211692867506,0.009626589908569518,0.0031886217842979326,0.01776005591986744,0.01073256787614891,0.01455435531286052,0.28193214740741834,0.32738053697405556,0.2705701235591723,0.789999999999992,1.4458461524364081,0.5463928500752007
2017-11-29,82.31,82.11,-0.004253515558056537,-0.0024327952638552577,-0.0018207202942012086,0.017800024039720728,0.010701080955075815,0.014575219901895737,0.2825666216404341,0.32642007669581424,0.27095800294729483,-0.20000000000000284,1.467789982315371,0.13625927578856484
2017-11-30,82.66,82.13,0.00024354603140358582,-0.006432451331485339,0.006675997362888916,0.017781163303876774,0.010718313260318996,0.01453110130750374,0.2822672167409134,0.32694572176127434,0.2701378241568711,-0.5300000000000011,1.460011318881322,0.36301088433074163
2017-12-01,82.46,81.27,-0.010526412986987504,-0.014536382513640487,0.004009969526652929,0.016383383313381357,0.009016626303619707,0.014491876182349261,0.2600781472863148,0.27503836873311355,0.26940861652578535,-1.1899999999999977,1.3455672715280107,0.8843853630957057
2017-12-04,81.32,79.87,-0.017376631835815788,-0.01799167583084818,0.0006150439950323835,0.016897925083303962,0.00911065892408659,0.014407349468239393,0.26824624466053615,0.27790668972924143,0.267837237856711,-1.4499999999999886,1.373294371520113,1.055855197596834
2017-12-05,79.57,80.92,0.013060699370247003,0.016823874910101278,-0.0037631755398542183,0.016920177510604054,0.010098811537669951,0.01450455370851725,0.26859949099275765,0.30804877100749345,0.26964429579484,1.3500000000000085,1.3514145777719457,0.9989532614231013
2017-12-06,81.15,81.5,0.007142007947272244,0.004303726286216785,0.0028382816610556492,0.0169532790037982,0.010179811917069318,0.014503605883687522,0.26912496090685734,0.31051956345985693,0.26962667542789287,0.3499999999999943,1.3718593369873504,0.25512819759539357
2017-12-07,81.61,80.57,-0.011476648457712511,-0.012825431692047048,0.0013487832343345117,0.01720007341702545,0.010434548870015676,0.014509841978144708,0.2730427007610138,0.31828992386242605,0.26974260641978753,-1.0400000000000063,1.401805983487574,0.7419001004779383
2017-12-08,80.66,81.07,0.006186607210511207,0.0050701895543936665,0.0011164176561175288,0.015023399370369018,0.010274688726935922,0.013284613607491023,0.23848907148480467,0.3134136351600267,0.2469652188605432,0.4099999999999966,1.2104352872706317,0.33872112314611325
2017-12-11,81.08,81.27,0.0024639657654976234,0.002340623181314057,0.0001233425841835165,0.014371164702765516,0.010040017564524278,0.01316400079651508,0.2281351671232022,0.3062553509498348,0.24472298810094756,0.18999999999999773,1.1650703224532004,0.1630802848019758
2017-12-12,82.49,82.0,0.008942302499139783,-0.005957826608387139,0.014900129107526887,0.014455348899827247,0.010068574883502488,0.013366178184289838,0.22947154982168416,0.3071264482053576,0.2484815304489381,-0.4899999999999949,1.1747862050889604,0.4170971687251722
2017-12-13,81.8,81.92,-0.0009760859730554598,0.001465917682496412,-0.0024420036555517443,0.014459576408877971,0.010036423019373478,0.013342404287416931,0.22953865944736512,0.3061457048581234,0.24803956609695463,0.12000000000000455,1.1856852655279937,0.10120729631110642
2017-12-14,82.185,81.83,-0.001099236751907305,-0.004328879119198389,0.003229642367291086,0.014360774162331478,0.010038711485629776,0.0132631693933801,0.22797022240734605,0.3062155110145326,0.24656656405674746,-0.355000000000004,1.1764346193781947,0.30175922584430526
2017-12-15,82.82,83.5,0.02020270731751947,0.00817705373938861,0.012025653578130764,0.014892368562980908,0.010253812091300513,0.01336771650888699,0.236409021902183,0.3127768253803541,0.24851012839555808,0.6800000000000068,1.2186425195087276,0.5579979272954761
2017-12-18,83.66,83.43,-0.000838674942826585,-0.00275300910006902,0.0019143341572425306,0.014911935024329217,0.009941854655101511,0.013167014440985038,0.23671962984677408,0.3032610418181704,0.24477901271619654,-0.22999999999998977,1.2451465745314896,0.18471720896516275
2017-12-19,83.98,82.04,-0.016801023709803346,-0.02337174205186733,0.006570718342063976,0.01537699466225143,0.010936909629345943,0.013074265963032041,0.2441022227273096,0.3336136690315319,0.24305478882580595,-1.9399999999999977,1.282902664671637,1.5121957833773358
2017-12-20,82.515,81.38,-0.00807739063063612,-0.013850552421987284,0.00577316179135122,0.011365865433379517,0.011043689238737128,0.004536647003873347,0.18042752023048542,0.3368708173919026,0.0843377198093916,-1.1350000000000051,0.9324556001544557,1.2172161331992635
2017-12-21,82.08,81.48,0.001228048785061268,-0.00733679006385432,0.008564838848915493,0.011349945504387728,0.011068120903610897,0.004671962589221479,0.18017479919247292,0.33761606789092996,0.08685327985036258,-0.5999999999999943,0.9236585651470732,0.649590684956683
2017-12-22,81.51,81.54,0.0007361060325022723,0.00036798528474127427,0.00036812074776099277,0.011029424446397406,0.010831793488033085,0.004717982948810095,0.1750866851360627,0.3304072622158694,0.08770881306447387,0.030000000000001137,0.8986775038924607,0.03338238675171183
2017-12-26,81.57,81.47,-0.0008588430685570409,-0.0012266929899385904,0.0003678499213814352,0.009824889362918785,0.009963597172374552,0.004709601476437833,0.15596528347804156,0.3039242639903622,0.08755299881048442,-0.09999999999999432,0.8011214786523978,0.12482501426401496
2017-12-27,81.63,81.76,0.003553272132843996,0.0015912849921298233,0.001961987140714151,0.009399971578175707,0.009571616814490749,0.004718835526291193,0.1492199227615696,0.2919675038255871,0.08772466275272497,0.13000000000000966,0.7658156844739749,0.16975363998884974
2017-12-28,81.33,81.34,-0.005150225976315905,0.00012294830039464807,-0.005273174276710528,0.00942130176675759,0.009605654684659407,0.004969393033260083,0.14955852900800423,0.29300577689703283,0.09238260700116221,0.010000000000005116,0.7702856324501006,0.012982197224940347
2017-12-29,81.58,80.75,-0.00727993837631261,-0.01022617178664648,0.0029462334103338744,0.009540708071499676,0.00970321156803002,0.004895444704823197,0.15145404533192874,0.2959816001326224,0.09100788390748572,-0.8299999999999983,0.7760411945357837,1.069530852027117
2018-01-02,82.16,82.21,0.017918987061276145,0.000608383543739274,0.017310603517536927,0.010124245633138674,0.009399818420179461,0.005866943442583456,0.16071741694449962,0.2867270570629908,0.10906835638207937,0.04999999999999716,0.817532834875948,0.061159623035304915
2018-01-03,82.2,83.92,0.020587014923999752,0.020708662025907414,-0.00012164710190769349,0.01014023865193828,0.01009782979437028,0.005888446764530911,0.16097129824724127,0.30801882443251477,0.1094681100194744,1.7199999999999989,0.833629019575846,2.0632679040793738
2018-01-04,84.45,84.12,0.0023803867464574336,-0.003915292419309991,0.006295679165767395,0.009829798957551122,0.009193948580617886,0.005661721378086436,0.15604322087665337,0.28044731307253257,0.10525321251933731,-0.3299999999999983,0.8249167285176902,0.4000403781275985
2018-01-05,84.53,85.54,0.016739751964263597,0.011877601857926409,0.004862150106337281,0.010319261325126276,0.009615809813823165,0.005658120587748732,0.16381319508102582,0.2933155435509256,0.10518627267448397,1.0100000000000051,0.8680562626696224,1.1635190522027323
2018-01-08,85.5,85.51,-0.00035077463089865183,0.00011695222514941521,-0.0004677268560480745,0.00981847903115717,0.009254490659276872,0.005718730264067845,0.15586352261606565,0.28229405641015926,0.10631302595609811,0.010000000000005116,0.8398726963251845,0.011906566368640807
2018-01-09,85.86,85.88,0.004317644842716162,0.00023291021416568068,0.00408473462855059,0.009795173361953253,0.009149397525658262,0.005678293936539539,0.15549355658695665,0.2790883514089539,0.1055613016852233,0.01999999999999602,0.8375852741806227,0.0238781657420628
2018-01-10,85.55,85.49,-0.0045515629724379395,-0.000701590300060216,-0.003849972672377792,0.009935539131894216,0.009111458824397133,0.005892062077688629,0.157721794106056,0.2779310894624845,0.10953531984819999,-0.060000000000002274,0.8532641006470753,0.07031820506042749
2018-01-11,85.94,85.73,0.0028034126525223854,-0.002446555656184445,0.005249968308706737,0.009821218819423355,0.00905306010030884,0.005315124356920141,0.15590701540644944,0.2761497258716599,0.09880986296339095,-0.20999999999999375,0.8396159968725025,0.25011433891472495
2018-01-12,85.85,85.45,-0.003271413129064741,-0.004670177781884514,0.0013987646528197725,0.00987385397066079,0.009060346962839574,0.005157376553072126,0.1567425725288166,0.27637200044711074,0.095877280800811,-0.3999999999999915,0.8464855009047495,0.47254205721475356
2018-01-16,85.58,85.32,-0.0015225159584501607,-0.0030427173855209996,0.0015202014270708545,0.009881544116532899,0.009044143858774781,0.005179014251529081,0.15686464980995707,0.27587774958649736,0.09627953254052642,-0.2600000000000051,0.8443779447577362,0.30791898534796847
2018-01-17,85.88,86.11,0.009216655104924048,0.002674575697493525,0.0065420794074305035,0.009095687997174398,0.008815496252102012,0.004842299790989032,0.14438957066135175,0.2689032047139031,0.09001990294965205,0.23000000000000398,0.7760440999189196,0.29637490965273
2018-01-18,86.16,87.26,0.013266618987389855,0.012686134847330596,0.0005804841400592075,0.00944189023684176,0.009381938509354634,0.004871500031281492,0.14988536083831228,0.28618165778162324,0.09056274476257023,1.1000000000000085,0.813041168294444,1.352945020370287
2018-01-19,87.58,86.68,-0.0066689910273052665,-0.01032948470509391,0.0036604936777887625,0.008600574778531472,0.008111636565722707,0.004809666509614695,0.13652989197725215,0.24743304354275097,0.08941323980423649,-0.8999999999999915,0.7504861551746562,1.1992226556005416
2018-01-22,86.42,86.05,-0.007294654010609967,-0.0042906078462387415,-0.0030040461643712772,0.008550342021350504,0.007534612640656379,0.004950220234203982,0.13573247167823255,0.22983181291322938,0.0920261785302288,-0.37000000000000455,0.7411436464106618,0.4992284583318016
2018-01-23,86.22,85.23,-0.009575038123342075,-0.011548684784782208,0.0019736466614401964,0.008984421209696338,0.0078084768267711845,0.004751106819062875,0.14262326516826362,0.2381856202539195,0.08832459641415846,-0.9899999999999949,0.7731094450943699,1.2805431446761721
2018-01-24,85.83,85.76,0.006199212788285666,-0.0008158984076366336,0.007015111195922221,0.009018959674295144,0.007809464917334385,0.004839030691501636,0.1431715462962303,0.2382157604424459,0.0899591293438675,-0.06999999999999318,0.7686859330401752,0.09106449980571538
2018-01-25,85.99,86.82,0.01228431254895547,0.00960599944864242,0.00267831310031309,0.009235804430496401,0.008099644721998528,0.004809100368415807,0.14661385008433206,0.2470672507256885,0.089402715058149,0.8299999999999983,0.7920625879593713,1.0478969877094775
2018-01-26,86.86,87.12,0.0034494687532577693,0.0029888515180291767,0.0004606172352284415,0.009235612854116258,0.008116366442537236,0.004834000831190316,0.14661080890357844,0.2475773211871349,0.08986562263081395,0.2600000000000051,0.8018359079943734,0.3242558700699016
2018-01-29,86.85,86.72,-0.004601940933369073,-0.0014979549957778204,-0.0031039859375912187,0.009210379823242031,0.00812822225377036,0.004667316460433599,0.14621024695647275,0.24793896454150763,0.08676690682914756,-0.12999999999999545,0.8024082902008458,0.1620122842542616
2018-01-30,85.93,85.96,-0.00880246591702639,0.00034906044917782,-0.00915152636620428,0.009307360158090397,0.007734990354320257,0.0053774929434821095,0.14774976204490803,0.23594402801905665,0.09996931494937975,0.029999999999986926,0.8071342729095993,0.03716853689268005
2018-01-31,86.33,85.89,-0.0008146639961762246,-0.0051097544692979375,0.004295090473121537,0.008660462764132498,0.007852274760258805,0.004084206329594115,0.13748058427577775,0.23952160910104303,0.07592670286556605,-0.4399999999999977,0.7444533792048295,0.5910376825342286
2018-02-01,85.38,84.98,-0.01065147309146786,-0.004695946643150356,-0.005955526448317455,0.007956129715717202,0.006345908634271038,0.004405279809761435,0.12629964375815242,0.19357221871318014,0.08189556162523111,-0.3999999999999915,0.6833519812829505,0.5853498796462352
2018-02-02,84.67,84.45,-0.006256291432856497,-0.0026017044003767463,-0.0036545870324796548,0.008089258846416328,0.0063168109519878965,0.004367663164943733,0.12841300319068102,0.19268463850306794,0.08119625615841915,-0.21999999999999886,0.6874252167684596,0.32003481198173717
2018-02-05,84.07,81.42,-0.03653870017897628,-0.03202884207237259,-0.00450985810660372,0.010704336993127082,0.008877119668839901,0.004406595543970306,0.16992608180185906,0.2707829326126346,0.0819200215452903,-2.6499999999999915,0.9039812590695822,2.9314767019921293
2018-02-06,80.06,81.67,0.003065794295351626,0.0199103838057568,-0.016844589510405225,0.01076698522826026,0.010216587853929397,0.005842186624135675,0.170920591703296,0.3116413570600383,0.10860811920342335,1.6099999999999994,0.8766479372849504,1.8365411375817524
2018-02-07,81.4,81.35,-0.003925903705137611,-0.0006144393434479944,-0.0033114643616896124,0.010657658502351484,0.010209614181298786,0.005768273196510934,0.1691850837328507,0.31142863586257313,0.10723404492701506,-0.05000000000001137,0.8704109698870457,0.05744412895726708
2018-02-08,81.33,78.38,-0.03719204089356138,-0.036946159407198524,-0.0002458814863629102,0.013159967097238125,0.012872248266584976,0.005727433906019109,0.20890800120650788,0.3926482085375889,0.10647482944567539,-2.950000000000003,1.0705633233603213,2.755558625659284
2018-02-09,78.88,79.48,0.013936624912130744,0.00757770738923627,0.006358917522894577,0.01370238797081867,0.013113295984845315,0.005793264190037745,0.21751866563105504,0.4000009998128077,0.10769863549534074,0.6000000000000085,1.0739931691527673,0.5586627710801232
2018-02-12,79.71,80.24,0.009516725970063913,0.006627095213848247,0.0028896307562155414,0.014022247895226596,0.013285197758355804,0.0058306860419076465,0.22259628451721078,0.40524459999946216,0.10839431969890731,0.5300000000000011,1.1144882627126098,0.47555458207339674
2018-02-13,79.85,80.22,-0.00024928331177319476,0.004622985680885371,-0.004872268992658703,0.014032890179557597,0.013380626999730383,0.0058838690749127695,0.22276522554353959,0.4081555227762624,0.10938300930432959,0.37000000000000455,1.1259991080077014,0.32859706314924886
2018-02-14,79.72,81.86,0.020237610722350096,0.02648997571966308,-0.006252364997312797,0.014739827912709988,0.01481719376790262,0.005724378650486346,0.2339875141495134,0.45197579071125227,0.10641803126745075,2.1400000000000006,1.1824289951575953,1.809833832529436
2018-02-15,82.41,82.94,0.013106983753978283,0.0064106660429430785,0.006696317711035308,0.01473086374295478,0.014577039738703362,0.0060008356205893685,0.23384521236621872,0.44465026005139424,0.1115574548249802,0.5300000000000011,1.2058685059982783,0.4395172420240303
2018-02-16,82.8,83.31,0.004451135168582608,0.006140528595603957,-0.0016893934270212406,0.014776555060685724,0.014504823913110202,0.005888905170490273,0.2345705395489642,0.44244742695184747,0.10947663193297717,0.5100000000000051,1.2255674767332738,0.41613375818310727
2018-02-20,83.14,81.61,-0.020616786505666455,-0.018574130343339892,-0.002042656162326508,0.015318929796277749,0.015044376054785166,0.00587999682437433,0.24318047155564967,0.45890563824903363,0.10931102292746055,-1.5300000000000011,1.2762200413278992,1.1988528235366414
2018-02-21,81.43,80.72,-0.010965427435797988,-0.008757379433686511,-0.002208048002111457,0.015355128322505398,0.01495586494626727,0.005825445171896267,0.2437551053450021,0.4562057425140015,0.1082968902479935,-0.710000000000008,1.2531320223996656,0.5665803660817833
2018-02-22,80.91,80.41,-0.003847829485295876,-0.00619887925969057,0.0023510497743947237,0.01521170755167262,0.014999878921403365,0.005546017870325473,0.24147837119021381,0.4575483213805595,0.10310224727778855,-0.5,1.227889033571014,0.40720292007647685
2018-02-23,80.95,80.39,-0.0002487562201881755,-0.006941889783774712,0.00669313356358652,0.014791707922829349,0.014821090606847458,0.005788046105101465,0.23481108377826146,0.4520946578119298,0.10760162962626565,-0.5600000000000023,1.189401234074708,0.4708251378565729
2018-02-26,81.4,82.42,0.02493833557080186,0.012452852902176731,0.012485482668625206,0.016074467943995287,0.0151411687577389,0.006593357796331176,0.2551742678249476,0.46185815133200087,0.12257263171573189,1.019999999999996,1.292226478017781,0.7893353195831674
2018-02-27,82.62,81.24,-0.014420389198487421,-0.01684404525643466,0.0024236560579471377,0.016281859529831064,0.015516228372728764,0.0066208900488291525,0.25846650718572023,0.4732987701633558,0.12308446510169145,-1.3800000000000097,1.3419508624486762,1.0283535996853899
2018-02-28,81.52,79.89,-0.016757048218233265,-0.02019770042051872,0.003440652202285531,0.016519695687345445,0.01599490380306744,0.006382049814155692,0.26224203913909366,0.48790003066586973,0.11864434869547746,-1.6299999999999955,1.3420600776399438,1.2145506949781288
2018-03-01,79.79,78.3,-0.02010308549719315,-0.018850580323432287,-0.0012525051737608949,0.016903321063511428,0.016360256170353624,0.006296490294245205,0.2683319031907864,0.49904454478095883,0.11705376983600792,-1.490000000000009,1.350406319763928,1.1033716135603424
2018-03-02,77.9,78.33,0.0003830683823896669,0.005504718502444467,-0.005121650120054695,0.01687636024293741,0.016500772554556842,0.006260950220001479,0.2679039134324999,0.5033307817603059,0.11639306848079709,0.4299999999999926,1.321419007021999,0.32540776068376465
2018-03-05,77.85,79.74,0.017840670574061742,0.02398744367320167,-0.0061467730991399015,0.01755875709017596,0.017621955404485707,0.006352566344994672,0.27873662755198636,0.5375307465489303,0.11809624156724201,1.8900000000000006,1.375377442873483,1.3741682399933441
2018-03-06,80.01,80.41,0.00836720460684863,0.004986919698025061,0.003380284908823691,0.015810893825758666,0.01622501311019092,0.006339209554132516,0.2509901584116242,0.4949191624708711,0.11784793455011607,0.3999999999999915,1.260760673665996,0.31726877936070563
2018-03-07,79.79,81.13,0.008914259846915976,0.016654623086784004,-0.007740363239867994,0.015936317181556286,0.01602496935233421,0.005323880398042701,0.2529811924598622,0.48881713417520317,0.09897264057033357,1.3399999999999892,1.281439264568941,1.0456991892243501
2018-03-08,81.33,82.21,0.013224142757068343,0.010761996985358142,0.0024621457717102176,0.016192093831658268,0.016225955734475703,0.005274519914231485,0.2570415209039444,0.4949479157802448,0.09805501337787799,0.8799999999999955,1.3136645725624352,0.669881808781268
2018-03-09,82.44,83.15,0.011369256474894826,0.008575449616678398,0.002793806858216289,0.013685429509016111,0.013788318092332762,0.005293216485361297,0.21724945839576848,0.4205915148292284,0.09840258861923933,0.710000000000008,1.1250791599362144,0.6310667064886891
2018-03-12,83.26,83.3,0.001802343533860248,0.00048030740596742354,0.0013220361278925817,0.013439673633659558,0.013734435353343828,0.005128694654156039,0.21334820481920994,0.4189479044437742,0.09534407511998086,0.03999999999999204,1.1175088626387923,0.03579389957189187
2018-03-13,83.75,83.47,0.002038736689848309,-0.0033488848425305457,0.005387621532378821,0.013333314235461158,0.013733595945691218,0.005220052723231072,0.21165980171584517,0.4189222995996006,0.09704245086431336,-0.28000000000000114,1.1106650758139145,0.2521012014308745
2018-03-14,83.78,82.3,-0.01411617817962113,-0.017823207835864746,0.003707029656243588,0.013807099251149172,0.014356597912333867,0.005097281176071664,0.2191809056743611,0.4379260199327953,0.09476008850813813,-1.480000000000004,1.1524785744934214,1.2841887326630315
2018-03-15,82.39,82.03,-0.003286073668365566,-0.004379036312840111,0.0010929626444744773,0.013090513881735393,0.012979926713782368,0.00480060824865295,0.20780546559066385,0.3959327745679007,0.08924484383375439,-0.35999999999999943,1.0773492924668229,0.33415346584179956
2018-03-16,82.36,81.29,-0.009062026256177557,-0.01307687440110768,0.004014848144930196,0.012868203709042176,0.013101669535673844,0.004680908684035678,0.2042764010054674,0.39964635279666194,0.08701959061626172,-1.0699999999999932,1.0555787502527296,1.0136619363963235
2018-03-19,81.28,80.13,-0.014372691968501838,-0.014249668040192684,-0.00012302392830921717,0.013133809473007603,0.013205483704638761,0.004641768936295094,0.20849276179489445,0.40281304494093234,0.0862919701786263,-1.1500000000000057,1.0676473720607882,1.077134670205069
2018-03-20,80.53,79.9,-0.0028744630177501315,-0.007853933035224534,0.004979470017474426,0.01238412244285715,0.012762672977424784,0.004637536646662587,0.19659184913744235,0.3893057822498343,0.08621329055976379,-0.6299999999999955,0.9923397313461433,0.6348632228454448
2018-03-21,79.9,80.04,0.0017506569433036992,0.0017506569433036992,0.0,0.012173374879765234,0.012718823023484285,0.004565398530327312,0.19324633528931773,0.3879682065985094,0.08487221988843598,0.14000000000000057,0.9726526528932422,0.14393627528137415
2018-03-22,79.16,78.14,-0.02402442008860821,-0.012969031107440345,-0.011055388981167785,0.013259699857245432,0.012918524385890234,0.005390957662304541,0.2104912096897804,0.3940597906456228,0.10021962838183084,-1.019999999999996,1.0613063765739246,0.9610796868032844
2018-03-23,78.21,76.55,-0.020557967523231854,-0.0214533945098272,0.0008954269865953363,0.013925288858649054,0.013568241453721564,0.005229949779142387,0.22105710752834323,0.41387841420359955,0.0972264403013742,-1.6599999999999966,1.088122071414837,1.5255641288863593
2018-03-26,77.44,78.46,0.024644818677713596,0.013085497813084919,0.011559320864628854,0.01389502994655879,0.013607566833625498,0.005124514351954665,0.220576762190338,0.4150779746571859,0.0952663619641023,1.019999999999996,1.0636645424090754,0.958948953670878
2018-03-27,78.74,78.16,-0.0038309330468791693,-0.007393277781064165,0.0035623447341848785,0.013614289127663567,0.013271058722950623,0.005149754881266917,0.21612013985236972,0.4048133103904274,0.0957355914825462,-0.5799999999999983,1.0681771249564833,0.5429811090774174
2018-03-28,78.39,78.46,0.0038309330468792426,0.0008925725807756649,0.0029383604661035317,0.013206626376225253,0.012637890268431429,0.0051377070234659,0.209648694297829,0.3854994769232119,0.0955116179499663,0.06999999999999318,1.0322299175657657,0.0678143491181395
2018-03-29,79.26,80.22,0.02218391956050045,0.012039272579617764,0.010144646980882575,0.013355158764730314,0.012319736334822754,0.005512626323259139,0.21200657286756594,0.37579467870277056,0.10248148773046689,0.9599999999999937,1.0478457566807404,0.9161653744163496
2018-04-02,79.79,77.48,-0.03475302180311159,-0.029378344781394512,-0.005374677021717087,0.015593287474629484,0.013845640136705027,0.005528654550708557,0.2475357646788481,0.42234003595516945,0.10277945760877484,-2.3100000000000023,1.2508935212147771,1.8466799618217686
2018-04-03,77.76,78.35,0.011166130263234672,0.0075588086498461675,0.0036073216133884435,0.015246647009831764,0.012663623103410205,0.005252121237704165,0.24203301789360848,0.3862844176224399,0.09763861481227448,0.5899999999999892,1.1813102103217652,0.499445441887178
2018-04-04,77.24,78.72,0.0047112839419681096,0.018979795183684436,-0.014268511241716134,0.015151573443651783,0.01347455489524646,0.006353529709090655,0.24052377181939885,0.4110206492982416,0.11811415081412238,1.480000000000004,1.187125779310117,1.2467086687815734
2018-04-05,79.02,79.7,0.012372333052171374,0.008568600812924721,0.0038037322392465555,0.015290505234964401,0.012996381954674554,0.006034516271376694,0.2427292456334823,0.39643471647607104,0.11218358890300614,0.6800000000000068,1.2036685720963978,0.5649395653952057
2018-04-06,79.2,77.64,-0.026186827495359822,-0.01989354051957074,-0.006293286975789179,0.01590318871107474,0.013161410380064364,0.006279197652300526,0.25245529429460156,0.4014686557107032,0.11673229408754232,-1.5600000000000023,1.2674841402726569,1.2307846310916524
2018-04-09,78.27,78.46,0.010506182480596942,0.0024245529646597735,0.008081629515937215,0.015863667796560246,0.012921914799263507,0.006461412828863324,0.2518279192262544,0.3941632100102627,0.12011973253996132,0.18999999999999773,1.2316551677249374,0.15426395713579302
2018-04-10,79.13,79.29,0.010523076502901263,0.002019947663205629,0.008503128839695614,0.016117622737244,0.01295644456349895,0.00665357141752601,0.25585932892984664,0.39521648755646005,0.12369202220582358,0.1600000000000108,1.2645886799641641,0.12652335303566442
2018-04-11,78.63,78.59,-0.008867552406223958,-0.0005088411253409573,-0.008358711280882952,0.01614164167712172,0.012982089848777943,0.006961775009867371,0.2562406177798778,0.3959987576862533,0.12942162563164467,-0.03999999999999204,1.2798707685789814,0.03125315538255738
2018-04-12,79.16,79.84,0.01578016712512502,0.008553511268843707,0.007226655856281268,0.01644074040690405,0.012851906584481414,0.0070754771503467335,0.26098866291863393,0.3920277166956674,0.13153538481486726,0.6800000000000068,1.2920777885785895,0.5262841030245343
2018-04-13,80.17,79.57,-0.0033874946137651815,-0.007512242665416848,0.004124748051651592,0.016441330311596798,0.012891662579963515,0.007104425672107681,0.26099802736531935,0.3932404124176103,0.13207354709971914,-0.6000000000000085,1.3126758120778883,0.45708163011722136
2018-04-16,80.19,80.6,0.012861512123139072,0.005099830693645223,0.007761681429493941,0.016641811905371253,0.012778207666130885,0.0072254230146891136,0.26418057400275785,0.38977964412417937,0.13432292642493468,0.4099999999999966,1.3241889733103904,0.3096234814393764
2018-04-17,81.03,80.63,0.0003721391843480811,-0.004948667775703337,0.005320806960051356,0.0163148477734537,0.012475041568898414,0.00726011840656922,0.2589901793186061,0.38053202688573073,0.1349679248646553,-0.4000000000000057,1.3149767305403681,0.30418789223413273
2018-04-18,80.89,80.19,-0.005471969877993268,-0.008691388210924002,0.003219418332930742,0.016351837553691753,0.012498708441402103,0.007230898004245298,0.259577373875971,0.38125394856544104,0.13442470823311914,-0.7000000000000028,1.318448661954166,0.5309270055024239
2018-04-19,80.2,80.0,-0.0023721841450557385,-0.002496880198587266,0.00012469605353152328,0.016356996723670185,0.012475042949196921,0.007229345160327693,0.2596592731603776,0.3805320689896216,0.13439584036768484,-0.20000000000000284,1.311667567271112,0.15247765896666737
2018-04-20,80.1,79.9,-0.0012507819016526025,-0.002500001302084449,0.0012492194004318981,0.015360704576830853,0.012198348160978966,0.00657372708825888,0.24384362563815654,0.37209191846925793,0.12220769056962824,-0.19999999999998863,1.2288563661464682,0.16275295104436194
2018-04-23,80.15,80.02,0.0015007506568599101,-0.0016232756264731663,0.003124026283332985,0.014489984675255979,0.01124041984185069,0.006565918193700338,0.230021375711186,0.3428717829790551,0.12206252072045613,-0.13000000000000966,1.1577497755529529,0.11228678488658775
2018-04-24,80.5,79.37,-0.008156140326304732,-0.01413672132173343,0.005980580995428789,0.013649770855855364,0.011184048118453957,0.006272886239919763,0.21668339482566343,0.34115224993824494,0.11661496291134195,-1.1299999999999955,1.0922546638855462,1.0345572670572771
2018-04-25,79.02,79.46,0.001133287283668496,0.005552765403208106,-0.0044194781195395615,0.013610484078281556,0.01120859812698096,0.006435061635736868,0.21605973656602298,0.3419011103290699,0.11962985542573032,0.4399999999999977,1.0802641212932071,0.407307797534981
2018-04-26,79.7,80.59,0.014120821949967215,0.011104986540250614,0.003015835409716689,0.013921043892313847,0.011527439156523378,0.006435790530373823,0.22098972077686244,0.35162686735809623,0.11964340581032264,0.8900000000000006,1.1061661476832583,0.804580760190507
2018-04-27,80.36,81.29,0.008648435422060943,0.011506467811747372,-0.0028580323896863595,0.013162702747431646,0.011497538041975387,0.006204094149937136,0.20895142830702462,0.35071477967788706,0.11533609594084507,0.9300000000000068,1.0607822144155163,0.8767115316996811
2018-04-30,81.4,80.13,-0.014372691968501838,-0.015724957218515516,0.0013522652500137541,0.010864979349466808,0.01000166247336276,0.0060094130132491205,0.17247620015124907,0.3050853876675106,0.11171691129982068,-1.2700000000000102,0.8832141713181569,1.4379298263575109
2018-05-01,79.6,81.01,0.010922288052420832,0.01755851099206276,-0.006636222939641907,0.010853907228343285,0.010621391420077446,0.006253267090454548,0.1723004356773761,0.32398926954322627,0.1162502366434434,1.4100000000000108,0.8697235862071474,1.6212047394839566
2018-05-02,80.73,79.92,-0.01354646950210181,-0.010084119066626047,-0.003462350435475746,0.011341443788498835,0.009951026826090977,0.00525082232910304,0.1800398386367169,0.30354082483919576,0.09761446768564855,-0.8100000000000023,0.9187703613062908,0.8816131147813249
2018-05-03,79.24,79.58,-0.004263329341515543,0.004281583168432334,-0.008544912509947985,0.011051007532931931,0.0097836699778226,0.005679522809877165,0.17542930601303594,0.29843586063261984,0.10558414683388519,0.3400000000000034,0.8831965220319199,0.38496528407718905
2018-05-04,79.33,81.08,0.018673516585016668,0.021819954269887754,-0.003146437684870971,0.009972218822668688,0.009988268128651563,0.005510070834609058,0.15830406614579204,0.3046768137069664,0.1024339803785476,1.75,0.7935891739079742,2.20517121142448
2018-05-07,82.38,84.82,0.04509504246264531,0.02918867503850996,0.01590636742413531,0.013770422740011785,0.011804914408221255,0.006259930842432546,0.21859868410979902,0.360090824720969,0.11637411792552681,2.4399999999999977,1.1165058757601556,2.1853893051290587
2018-05-08,84.32,83.2,-0.019284016219281618,-0.013371736965889195,-0.005912279253392485,0.014603361209507225,0.012322911523982563,0.006237876467635315,0.23182117239602115,0.3758915329825783,0.11596412003928347,-1.1199999999999903,1.2386570977904028,0.9042050475453774
2018-05-09,83.33,84.06,0.010283481749807637,0.008722201182855239,0.0015612805669524105,0.014452279520649803,0.012410227914246334,0.005858025816942381,0.2294228249377869,0.3785549856679991,0.10890257486722052,0.730000000000004,1.2024296561180636,0.6071041214641558
2018-05-10,84.32,85.68,0.019088596562522837,0.01600034134644134,0.0030882552160814113,0.014619834442703483,0.012721382773680479,0.00570692235043376,0.23208267686598,0.38804628785580214,0.10609351306237844,1.3600000000000136,1.2289432832536549,1.1066417942408076
2018-05-11,85.6,85.56,-0.0014015419252885557,-0.00046739893349143313,-0.0009341429917970186,0.014577061704852363,0.012525965431182909,0.005675140934893628,0.23140368070249545,0.38208538127136105,0.10550268637547046,-0.03999999999999204,1.2489626468717505,0.0320265782969404
2018-05-14,85.51,86.18,0.007220247973487097,0.007804804019827989,-0.0005845560463409163,0.01444297469203558,0.012566194518529212,0.005437353660200301,0.22927511536275505,0.3833125079356775,0.10108214483229941,0.6700000000000017,1.2357409146505642,0.5421848480184541
